chunk_id,document_id,text,doco_type,EBM_num,EEM_num,MPU_num,chunk_index
4:a588b8f8-4a1b-4a79-8a1a-924958fc2820:13322,doc_02_Characterization of mercury species in brown and white rice,"Samples from all three sites were collected on July 30 e 31, 2009, when rice plants were in the mid-reproductive stage (i.e., booting, when the hull was formed but not yet /uniFB01 lled), and on September 5, 2009, when paddy /uniFB01 elds were dried and mature rice grain was within 10 days of harvest. Within each site, two neighboring paddies were sampled in July and September. In site 3, a different pair of paddies was sampled in September, since rice grain from paddies sampled in July was already harvested. In each paddy /uniFB01 eld, the study area was limited to approximately 15 /C2 8 m, although each paddy was several times larger (e.g., site 1: 85 /C2 8 m; site 2: 38 /C2 15 m, site 3: 30 /C2 90 m). In July and September, two individual plants were collected and composited from each rice paddy ( n ¼ 6 paddies) for analysis of rootsoil, root, stem, leaf, and rice grain.

In July, one composite soil sample was collected from 4 points within the study area of each rice paddy, and in September, one composite sample of rice grain was harvested from 10 plants within each study area. Spatial variability for HgT and MeHg is likely within the rice paddy; therefore, composite samples were collected (for soil in July, and for rice grain in September) to compare with root-soil and rice grain from individual plants, collected in July and September, respectively. In September, a surface water sample (used for irrigation) was collected within each site near the paddies, and in the canal downstream from the cooking oil factory between sites 1 and 2 (Fig. 1).

In September 2009, one rice sample was collected near Wanshan, in eastern Guizhou province, China, where traditional /uniFB02 ooded irrigation methods were practiced (Fig. 1).

## 2.2. Laboratory methods

## 2.2.1. Sample preparation and preservation

In July, rice samples (roots, stems, leaves, and seeds) were rinsed with Milli-Q H2O, air-dried for 2 weeks, then freeze-dried and ground for analysis.

In September, rinsed rice samples (roots, stems, and leaves) were air-dried for about 2 months and then ground for analysis. The stainless steel grinder was cleaned with ethanol after each sample to avoid cross-contamination. In September, aqueous samples were collected in 100 mL borosilicate bottles, which were acid-cleaned (20% HNO3) and rinsed with Milli-Q H2O, followed by heating in an oven at 550 /C14 C to thermally desorb Hg. Filtered (0.22 m M) and un /uniFB01 ltered aqueous samples were immediately acidi /uniFB01 ed to 0.5% HCl at Tuanlin Experimental Station, and stored in a dark refrigerator (4 /C14 C). Soil samples were collected in acid-cleaned plastic tubes and frozen at Tuanlin Experimental Station. All samples were transported back to the Institute of Geochemistry in Guiyang ( &lt; 1 day of travel), where soil samples (for HgT and MeHg analysis) and 45 mL aliquots of aqueous samples (for MeHg analysis) were stored frozen until analysis ( /C0 20 /C14 C), while aqueous samples in borosilicate bottles (for HgT analysis) were refrigerated in the dark until analysis (4 /C14 C). All analyses were completed within 6 months following sample collection.

## 2.2.2. Rice milling

Air-dried mature rice grain from Hubei province was milled at the Research Center for Eco-Environmental Sciences, Chinese Academy of Sciences (CAS) (Beijing, China), and air-dried mature rice samples from Wanshan, Guizhou province, were milled at the Institute of Geochemistry, CAS (Guiyang, China), following methods described by Sun et al.

(2008) and using the same instruments at both locations. Brie /uniFB02 y, the hull was removed exposing the edible rice (i.e., the caryopsis, referred to as unpolished brown rice) (Huller, JLGJ4.5, China); for half the sample, the bran was removed to produce polished white rice (Rice mill, JNMJ3, China); lastly, both brown and white rice samples were ground to a powder in a blender that was cleaned with ethanol after each sample to avoid cross-contamination. ",Introduction,110,86,1,0
4:a588b8f8-4a1b-4a79-8a1a-924958fc2820:9012,doc_01_Dietary intake of minerals and trace elements in rice on the Jamaican market,"<!-- image -->

Contents lists available at SciVerse ScienceDirect

## Journal of Food Composition and Analysis

j o u rn al ho m epag e: ww w.els evier . c om / l o cat e/jfc a

<!-- image -->

## Original Research Article

The husk was removed from the sample of locally grown rice, and the brown rice was washed with deionized water and ovendried at 65 8 C. All samples were ground to a fine powder for analysis using a Fritsch Pulverisette 2 automated agate mortar and pestle (Fritsch, Germany). Samples were prepared for analysis by ICP-OES, F-AAS and TXRF by acid digestion. 20 mL of 1:3 HCl:HNO3 (Fisher TraceMetal Grade acids; Fisher Chemical, MA, USA) was added to 1 g of sample in a 70 mL graduated polyethylene vial, covered with a polyethylene watch glass and allowed to stand overnight. The following day the samples were digested at 110 8 C for 2 h using a graphite heating block (ModBlock; CPI International, CA, USA) and made up to 50 mL with 2% HNO3 (Howe et al., 2005).

The analytical techniques used were flame atomic absorption spectrophotometry (F-AAS) using a PerkinElmer 5100PC Spectrophotometer (PerkinElmer, MA, USA); inductively coupled plasma optical emission spectroscopy (ICP-OES) using a PerkinElmer Optima 7000DV (PerkinElmer, MA, USA); instrumental neutron activation analysis (INAA) using a SLOWPOKE II research reactor (Atomic Energy of Canada Limited, ON, Canada); and total reflection X-ray fluorescence (TXRF) using a Wobistrax /C223 TXRF spectrometer (Atominstitut der O ¨ sterreichischen Universita ¨ten, Vienna University of Technology, Vienna, Austria). The technique selected for each element was dependent on availability at the institution, detection limit and robustness.

Measurements by AAS and ICP-OES were done in triplicate, with the mean results being presented. The uncertainty of the measurements by INAA and TXRF are a function of acquisition time.

Calibration standards for F-AAS and ICP-OES analyses were prepared using Certiprep solutions (SPEX Certiprep, NJ, USA) in 2% HNO3. Deuterium lamp background corrections were performed for AAS. An internal standard containing 0.04 mg/L scandium and 0.2 mg/L yttrium was used for ICP-OES analyses.

For analyses using TXRF, the calibration and internal standards were prepared by serial dilutions of a solution containing 10,000 mg/L (Certiprep solutions) in 5% HNO3. An aliquot of a cobalt (Co) solution was added as an internal standard to achieve a final concentration of 10 mg/L. The samples were then homogenized with a vortex mixer and analyzed after pipetting 10 m L onto a quartz sample carrier/reflector and evaporating the solvent on a hot plate at low power.

The samples were irradiated under vacuum for 1000 s at 50 kV and 40 mA in a Wobistrax /C223 TXRF spectrometer (Streli et al., 2004). Blanks were treated identically to the samples.

INAA was performed using the SLOWPOKE-2 nuclear reactor. For the determination of short-lived radioisotopes, approximately 700 mg of sample was weighed out into pre-cleaned double polyethylene bags and heat sealed in pre-cleaned 7 cm 3 polyethylene vials (Lalor et al., 2000).

Each sample was irradiated for 3 min at a neutron flux of 5 /C2 10 11 n cm /C0 2 s /C0 1 and allowed decay periods of approximately 5 and 60 min before counting. For intermediate and long lived radioisotopes approximately 1300 mg of sample was weighed out in pre-cleaned polyethylene capsules which were then heat sealed in 7 cm 3 polyethylene vials and irradiated for 4 h at a neutron flux of 1 /C2 10 12 n cm /C0 2 s /C0 1 and allowed a decay period of 4 days and 14 days respectively before counting. For short and intermediate-lived radioisotopes gamma ray spectroscopy was performed using an Ortec High-Purity germanium coaxial gamma photon detector system with an efficiency of 71% and a resolution of 1.8 keV at the 60 Co 1332 keV gamma line. Long lived radioisotopes were counted on an EG&amp;G Ortec High-Purity Germanium detector with an efficiency of 20% ",Methods_Materials,91,91,3,0
4:a588b8f8-4a1b-4a79-8a1a-924958fc2820:13323,doc_02_Characterization of mercury species in brown and white rice,"rice (Rice mill, JNMJ3, China); lastly, both brown and white rice samples were ground to a powder in a blender that was cleaned with ethanol after each sample to avoid cross-contamination. Approximately 7% of the bran was removed, which was slightly higher than the proportion of bran in commercial brown rice (6.3%, from Franz and Sampson, 2006).

## 2.2.3. Hg species

HgT was measured in aqueous samples following the addition of 0.5% (v/v) 0.2 N bromine monochloride, reduction with hydroxylamine hydrochloride, further reduction with tin chloride, purging of volatile Hg o onto gold traps, and detection of Hg o by cold vapor atomic /uniFB02 uorescence spectrophotometry (CVAFS, Brooks Rand Model III, Seattle, USA), using methods detailed in EPA Method 1631, Revision E (USEPA, 2002).

MeHginaqueous samples was analyzed following distillation, adjustment of pH using 2 M acetate buffer, ethylation with 1% sodium tetraethylborate, capture of gaseous methylethylmercury onto Tenax traps, thermal desorption from traps, separation by gas chromatography, and detection by CVAFS (Brooks Rand Model III, Seattle, USA), as described in EPA Method 1630 (USEPA, 2001a).

Solid-phase HgT concentrations in rice and soil samples were analyzed with a portable Hg vapor analyzer (Lumex, Model RA-915 þ /PYRO-915 þ , St. Petersburg, Russia), using methods described in EPA Method 7473 (USEPA,1998). No pre-digestion

steps were necessary. MeHg concentrations in soil (1 e 2 g) and rice samples ( w 1 g) were analyzed using solvent extraction with dichloromethane (CH2Cl2). Soil samples were leached in 1.5 mL 2 M copper sulfate, 7.5 mL 25% HNO3 and 10 mL CH2Cl2 (Liang et al., 2004). For rice samples, 5 mL of 25% KOH e water were added and samples were heated for 3 h at 75 /C14 C in a water bath, then 5 mL concentrated HCl and 10 mL CH2Cl2 were added (based on Liang et al., 1996). After leaching, rice and soil samples were vigorously shaken ( w 1 h), centrifuged (25 min, 3500 RPM, 25 /C14 C), the phases were separated by suction leaving the organic phase, about 30 mL Milli-Q-H2O were added, and samples were heated in a 50 /C14 Cwaterbath for 1.5 h to evacuate CH2Cl2. MeHg was detected using CVAFS, as described for aqueous MeHg in distilled samples.

Concentrations for all solid-phase samples are reported in dry weight.

## 2.2.4. Organic content

HgT and MeHg concentrations for wet soil samples were converted to dry weight following oven drying to constant weight at 60 /C14 C. Organic carbon content was determined for dried samples by percent loss on ignition (LOI) at 550 /C14 Cfor two hours.

## 2.2.5. Other elements

Mg, K, Mn, Zn, Cu, and Ni were determined in brown and white rice grains following EPA Method 3050b (USEPA,1996).

All elements were analyzed using /uniFB02 ame atomic absorption spectrometry (AAS, Model 5100 PC, Perkin Elmer, Inc., Waltham, USA), aside from Ni, which was analyzed by inductively coupled plasma mass spectrometry (GV Instruments, Cheshire, UK).

## 2.2.6. QA/QC

HgT, MeHgand other trace elements were quanti /uniFB01 edusingdaily calibration curves with the coef /uniFB01 cient of variation ( r 2 ) &gt; 0.99. The minimum detection levels (MDLs) for HgT and MeHg were estimated from the region of the standard curve where there was a signi /uniFB01 cant change in sensitivity (40 CFR, Appendix B to Part 136, De /uniFB01 nition and Procedure for Determination of the Method Detection Limit).

MDLs for trace elements (Mg, K, Mn, Zn, Cu, and Ni) were based on instrument aqueous detection levels, corrected for the total volume (50 mL) and the mass of rice digested (1 g). MDLs, percent recovery of matrix spikes and standard reference material, and relative percent difference between replicate analyses (RPDs) are summarized in Table 1.

## 2.3.

Statistics

The statistical program, Stata, was used for unpaired t -tests and one-way analysis of variance (ANOVA), and tests were considered signi /uniFB01 cant at the 95% alpha-level. Due to the ",Introduction,74,83,0,1
4:a588b8f8-4a1b-4a79-8a1a-924958fc2820:16555,doc_03_Rice consumption contributes to low level methylmercury exposure in southern China,"## 2.2. Analytical method

In the laboratory, the rice samples were air dried, crushed, and sieved to 150 meshes. For total mercury (THg) analysis, rice samples were digested in a water bath (95 °C) with a fresh mixed acid of HNO3:H2SO4 (4:1, v/v) (Horvat et al., 1991) and determined by SnCl2 reduction, purge, gold trap, and cold vapor atomic /uniFB02 uorescence spectrometry (CVAFS) detection according to USEPA Method 1631 (USEPA, 1999).

For MeHg measurement, rice samples were digested using the KOH-methanol/solvent extraction technique (Liang et al., 1994, 1996) and measured by aqueous ethylation, purge, trap, and gas chromatography (GC) coupled with CVAFS detection according to USEPA Method 1630 (USEPA, 2001). Detail information of quality control is available in the Supporting information.

## 2.3. Calculation of PDI and relative contribution

To estimate MeHg intake from rice and /uniFB01 sh consumption, we calculated PDI values for the general adult in these 7 provinces according to the following formula (1):

<!-- formula-not-decoded -->

where PDI is given in micrograms per kilogram of body weight per day ( μ g·kg -1 ·d -1 ); bw (body weight)=60 kg; C is MeHg concentration in rice or /uniFB01 sh (ng·g -1 ); IR is daily intake rate (g·d -1 ).

Fig.

1. The spatial location of different provinces for rice sampling in southern China.

<!-- image -->

The speci /uniFB01 c PDIs for each province were calculated using the mean of MeHg concentrations in the rice or /uniFB01 sh collected in this speci /uniFB01 c area. The rice MeHg concentrations in these 7 provinces were obtained through this investigation, while the /uniFB01 sh MeHg concentrations in these 7provinces were based on the data from literature (Fu et al., 2010; He et al., 2010; Shang et al., 2010; Shao et al., 2011). The /uniFB01 sh MeHg data of Guangdong province was based on Shang et al. (2010), which include 122 /uniFB01 sh samples collected from 18 /uniFB01 sh ponds from six cities in this province. The /uniFB01 sh MeHg concentrations of Shanghai, Guangxi, Jiangxi and Jiangsu province were adopted from the fourth Chinese Total Dietary Study (TDS) carried out in 2007. The /uniFB01 sh MeHg concentrations of Hunan province were based on 73 /uniFB01 sh Hg data from Fu et al., 2010, which was on the assumption that 70% of Hg in /uniFB01 sh is in the form of MeHg. The /uniFB01 sh MeHg concentrations of Guizhou province were adopted from He et al. (2010), which consisted of 70 /uniFB01 sh MeHg data from Hongfeng Reservoir. The /uniFB01 sh MeHg data in these 7 provinces are representative to perform risk assessment.

The daily intake rates of rice and /uniFB01 sh for urban and rural population were adopted from of /uniFB01 cial data in the section of ' People's Living Conditions ' in China Statistical Yearbook (NBS, 2010). The urban and rural population is divided by the Chinese household registration system, which was developed in the 1950s to control the /uniFB02 ow of people. There is a wide gap between the wealth of the countryside and the booming cities, with the income of rural residents less than a third of that of urban residents (Table S1). Strati /uniFB01 ed random sampling method was used in the national survey, and the sample size was 65,000 households in urban area, which cover big cities, small cities and counties. Rural Household Survey network distributed in 7100 villages in the country and it included more than 68,000 sampling households.

The error was less than 3% in the national survey.

Theaveragebodyweightof60 kgfor adult population was according to the second National Physique Monitoring Bulletin (GASC, 2005). It is assumedthat there are no losses of MeHg during cooking processes both for rice (Li et al., 2010a, 2010b) and /uniFB01 sh (Harris et al., 2003).

We hypothesize that rice and /uniFB01 sh consumption are two sources of human MeHg exposure in southern China. According to the PDIs of MeHg from rice and /uniFB01 sh consumption, the ",Methods_Materials,65,61,4,0
4:a588b8f8-4a1b-4a79-8a1a-924958fc2820:9013,doc_01_Dietary intake of minerals and trace elements in rice on the Jamaican market," an efficiency of 71% and a resolution of 1.8 keV at the 60 Co 1332 keV gamma line. Long lived radioisotopes were counted on an EG&amp;G Ortec High-Purity Germanium detector with an efficiency of 20% and a resolution of 1.9 keV at the 60 Co 1332 keV gamma line.

Ag, Al, As, Ba, Br, Ca, Cd, Ce, Co, Cr, Cs, Eu, Fe, Hf, Hg, La, Mg, Na, Rb, Sb, Sc, Se, Sm, Sr, Th, Ti, U, V were analyzed by INAA; B, Cu, Mn were analyzed by ICP-OES; Zn by F-AAS and P and S by

Student's t -test was done to determine statistical between data for brown and white rice samples, using in Microsoft Excel 2007.

Mo, K, TXRF.

significance XLSTAT2011

Dietary intake estimates were calculated assuming a body weight of 70 kg for males and 65 kg for females, and an average per capita consumption of rice by Jamaicans estimated at 71.2 g/day, based on a rice supply quantity of 26.0 kg/person/year (FAOSTAT, 2007).

## 2.1. Quality control

Approximately 10% of the samples were analyzed in duplicate, with the differences between duplicates being less than 15%; at least one reagent blank and a certified reference material were also included in each analysis batch.

Reference materials used were NIST (National Institute of Standards and Technology, MD, USA) 8436 -Durum Wheat Flour, NIST 1568a -Rice Flour, NIST 1547 -Peach Leaves, NIST 1570a -Spinach Leaves, and IAEA (International Atomic Energy Agency, Vienna, Austria) 336 -Lichen. Reference material data are presented in Table 1.

For most elements the relative standard deviation of duplicate analyses was less than 10%, with a few (Al, Mo, S, U) having RSD between 10 and 20%; elements with RSDs greater than 20% were those which approached the detection limit of the technique (Ca, V, Ba, Sb, Sm). The agreement between techniques was excellent. Recovery for all reference materials used (were within acceptable limits of /C6 15%.

Reference values were not available for B, Hf, Mo, and Ti in any appropriate reference materials. For B analysis by ICP-OES, the data was validated by the use of the internal standards (Sc, Y) and an independent B standard solution; the mean recovery was 95%. For the remaining elements, analyzed by INAA, validation was achieved by the irradiation and counting of single element standards (Certiprep) with identical geometry to that used for samples (Grant et al., 1998) employing the improved relative standardization method (Kennedy and St-Pierre, 1993). Recoveries were 96%, 95% and 98% for Hf, Mo and Ti respectively. The linear range for elements analyzed using F-AAS, ICP-OES and TXRF is low mg/kg to 10 3 mg/kg in the samples. Digested samples which were beyond the linear range were diluted to fall within the linear range and reanalyzed. The linear range for INAA is low m g/kg to 10 4 mg/kg. Detection Limits and linear ranges are shown in Table 2; INAA detection limits may vary (Howe et al., 2005).

## 2.2. Samples

The rice brands and types purchased are listed in Table 3.

## 3. Results and discussion

Twenty-six (26) rice samples were analyzed for a total of 36 elements. The analytical data are summarized in Table 4.

Table 1 Reference material data.

| Reference material            | Element   | Technique used   |   n |   Analyzed value (mg/kg) | Reference value (mg/kg)   | 95% confidence interval b   |
|-------------------------------|-----------|------------------|-----|--------------------------|---------------------------|-----------------------------|
| NIST 1547 - Peach Leaves      | Al        | INAA             |   2 |                  254     | 249 /C6 8                 | na                          |
| NIST 1547 - Peach Leaves      | Ba        | INAA             |   2 |                  121     | 124 /C6 4                 | na                          |
| NIST 1547 - Peach Leaves      | Ca        | INAA             |   2 |                    1.54  | 1.56 /C6 0.02             | na                          |
|                               | Mg        | INAA             |   2 |      ",Methods_Materials,39,51,2,1
4:a588b8f8-4a1b-4a79-8a1a-924958fc2820:16752,doc_03_Rice consumption contributes to low level methylmercury exposure in southern China,"al., 2003).

We hypothesize that rice and /uniFB01 sh consumption are two sources of human MeHg exposure in southern China. According to the PDIs of MeHg from rice and /uniFB01 sh consumption, the relative contributions were calculated to assess the main pathway in urban and rural population in these 7 provinces.

## 2.4. Data analysis

All data were analyzed using SPSS 11.5 for windows.

The characteristics of Hg concentrations were described in mean±standard deviation (SD) and examined using descriptive statistics. Mean values of rice Hg concentrations were compared between different provinces using t test. The correlation coef /uniFB01 cients between rice THg and MeHg concentrations were studied by the Pearson correlation analysis. The results of statistical tests were considered statistically signi /uniFB01 cant if p b 0.05.

## 3.

Results

## 3.1. Hg in rice and /uniFB01 sh

The THg concentrations in all rice samples ranged from 0.86 to 47.2 ng·g -1 with a mean of 10.1 ng·g -1 . The MeHg concentrations in all rice samples varied from 0.13 to 18.2 ng·g -1 with a mean of 2.47 ng·g -1 . The MeHg constituted a large proportion of THg in the rice grain, with an average of 35.8% (1.70 -96.7%). There was a signi /uniFB01 -cant correlation between THg and MeHg concentrations in rice samples (r=0.36, p b 0.01). In addition, the percentage of Hg as MeHg in rice was negatively correlated to the THg concentrations (r= -0.55, p b 0.001).

The average concentrations among rice collected from different provinces varied from 3.60 to 20.1 ng·g -1 for THg (Fig. 2) and from 1.76 to 3.33 ng·g -1 for MeHg (Table 1, Fig. 3). The comparisons between Hg concentrations in the rice samples collected from these 7 provinces in southern China are shown in Fig. 2 for THg and Fig. 3 for MeHg. The THg concentrations in rice samples collected from Guangdong, Hunan, Guizhou, Jiangsu, Guangxi, and Jiangxi were signi /uniFB01 cantly higher than that from Shanghai City. The MeHg concentrations in rice samples collected from Hunan and Guangxi were signi /uniFB01 cantly higher than that from Shanghai City.",Methods_Materials,37,37,0,1
4:a588b8f8-4a1b-4a79-8a1a-924958fc2820:9014,doc_01_Dietary intake of minerals and trace elements in rice on the Jamaican market,"| Ca        | INAA             |   2 |                    1.54  | 1.56 /C6 0.02             | na                          |
|                               | Mg        | INAA             |   2 |                 4135     | 4320 /C6 80               | na                          |
| NIST 1568a - Rice Flour       | P         | TXRF             |   2 |                 1326     | 1523 /C6 80               | na                          |
| NIST 1568a - Rice Flour       | S         | TXRF             |   2 |                 1126     | 1200 /C6 20               | na                          |
|                               | Zn        | F-AAS            |   3 |                   17.9   | 19.4 /C6 0.5              | na                          |
| NIST 1570a - Spinach Leaves   | Cd        | INAA             |   2 |                    2.66  | 2.89 /C6 0.07             | na                          |
|                               | U         | INAA             |   2 |                    0.138 | 0.155 /C6 0.023 a         | na                          |
| NIST 8436 - Durum Wheat Flour | Cu        | ICP-OES          |   1 |                    3.95  | 4.30 /C6 0.69             | na                          |
|                               | Mn        | ICP-OES          |   1 |                   14.3   | 16.0 /C6 1.0              | na                          |
|                               | K         | ICP-OES          |   1 |                 2789     | 3180 /C6 140              | na                          |
| IAEA 336 - Lichen             | As        | INAA             |   4 |                    0.6   | 0.63                      | 0.55-0.71                   |
|                               | Br        | INAA             |   4 |                   12.5   | 12.9                      | 11.2-14.6                   |
|                               | Ce        | INAA             |   4 |                    1.19  | 1.28                      | 1.11-1.45                   |
|                               | Co        | INAA             |   4 |                    0.26  | 0.29                      | 0.24-0.34                   |
|                               | Cr        | INAA             |   4 |                    1.06  | 1.06 a                    | 0.89-1.23                   |
|                               | Cs        | INAA             |   4 |                    0.095 | 0.11                      | 0.097-0.123                 |
|                               | Eu        | INAA             |   4 |                    0.025 | 0.023 a                   | 0.019-0.027                 |
|                               | Fe        | INAA             |   4 |                  423     | 430                       | 380-480                     |
|                               | Hg        | INAA             |   4 |                    0.22  | 0.2                       | 0.16-0.24                   |
|                               | La        | INAA             |   4 |                    0.636 | 0.66                      | 0.56-0.76                   |
|                               | Na        | INAA             |   4 |                  304     | 320                       | 280-360                     |
|                               | Rb        | INAA             |   4 |                    1.92  | 1.76 a                    | 1.54-1.98                   |
|                               | Sb        | INAA             |   4 |                    0.064 | 0.073                     | 0.063-0.083                 |
|                               | Sc        | INAA             |   4 |                    0.16  | 0.17 a                    | 0.15-0.19                   |
|                               | Se        | INAA             |   4 |                    0.25  | 0.22                      | 0.18-0.26                   |
|                               | Sm        | INAA             |   4 |                    0.093 | 0.106                     | ",Other,23,32,0,2
4:a588b8f8-4a1b-4a79-8a1a-924958fc2820:13601,doc_02_Characterization of mercury species in brown and white rice,"Statistics

The statistical program, Stata, was used for unpaired t -tests and one-way analysis of variance (ANOVA), and tests were considered signi /uniFB01 cant at the 95% alpha-level. Due to the small sample size, interpretation of p -values is cautionary.

## 3.

Results and discussion

## 3.1. Aqueous HgT and MeHg concentrations

Mean un /uniFB01 ltered and /uniFB01 ltered aqueous HgT and MeHg levels in sites 1 e 3 (Table S1) were similar to mean values reported for background sites in eastern Guizhou province (un /uniFB01 ltered HgT 2.2 e 18 ng/L, /uniFB01 ltered HgT 0.89 e 5.3 ng/L from this study; un /uniFB01 ltered HgT 8.4 e 13 ng/L, /uniFB01 ltered HgT 3.7 e 5.2 ng/L from Zhang et al., 2010b; un /uniFB01 ltered MeHg 0.47 e 0.50 ng/L, /uniFB01 ltered MeHg 0.077 e 0.46 ng/L from this study; un /uniFB01 ltered MeHg 0.32 ng/L, /uniFB01 ltered 0.14 ng/L from Zhang et al., 2010c). For the present study, highest un /uniFB01 ltered aqueous MeHg levels were observed in the canal (site 1: 0.47 ng/L; site 2: 0.50 ng/L; site 3: 0.50 ng/L and canal: 3.6 ng/L), located downstream from a cooking oil factory and between sites 1 and 2 (Fig. 1). Although water from the canal may be a source of MeHg to the rice paddies in site 2, un /uniFB01 ltered aqueous MeHg levels collected within each site were similar (see Section 3.4).",Methods_Materials,15,12,0,2
4:a588b8f8-4a1b-4a79-8a1a-924958fc2820:10192,doc_01_Dietary intake of minerals and trace elements in rice on the Jamaican market,"component of redox enzymes and hemocyanin; it is involved in mitochondrial function, cellular metabolism, connective tissue formation, and the absorption, storage and metabolism of iron (NIH). The copper content of rice varies greatly with different cultivars (Yan et al., 2006) and so this could be a function of the variety selected for the local field trials.

lists iron deficiency as the 6th leading cause of illness and disease in low income countries.

There are several recognized factors related to this deficiency; low bioavailability of iron in foods, inability to meet iron demand during growth spurts such as infancy and pregnancy, blood loss in women of childbearing age through menstruation and childbirth, blood losses from parasitic infections and loss from diseases like malaria. Most of the iron in the body is found in heme proteins such as hemoglobin and myoglobin, both involved in oxygen transport. Iron is also found as a constituent of heme enzymes such as cytochromes, catalases and peroxidizes and other non heme compounds (McDowell, 1992). The amount of bioavailable iron in rice and other staple plants is low, and the phytic acid present in rice may add to this lack of bioavailability (Glahn et al., 2002). This is a likely contributor to the global iron deficiency problem. The polishing of rice may remove phytic acid and polyphenols, and enrichment may be an important tool in combating iron deficiency (Liang, 2007).

## 3.2.5. Iron

The iron content of white rice ranged from &lt; 3.10 to 153 mg/kg while the range for brown rice samples was 12.8-38.2 mg/kg. The mean value found in white rice was 22.3 mg/kg and the mean in brown rice was 20.1 mg/kg. 44% of the white rice samples had iron levels below the limit of detection, and the reported mean is likely a reflection of enrichment. The highest value was found in Riceland Enriched White Rice.

The second highest concentration was Mahatma Long Grain Enriched rice. The bulk rice most consumed by Jamaicans had the lowest detected concentration. The WHO

## 3.2.6. Magnesium

Magnesium concentrations in white rice ranged from 176 to 562 mg/kg, and 340 to 1450 mg/kg in brown rice.

The mean concentration found in white rice was 371 mg/kg and the mean in brown rice was 1205 mg/kg. Bulk rice had a value of 381 mg/kg and as such may not be an adequate source of dietary magnesium, but several types of Jamaican foods do contain significant levels of magnesium (Howe et al., 2005). Magnesium toxicity whether by dietary intake or parenteral administration is improbable as excessive magnesium is excreted (Rude, 1998). Magnesium

deficiency in animals and humans however, is well known and described in literature. Symptoms range from growth retardation, nausea, muscle weakness, tetany and this deficiency may affect cardiac function (McDowell, 1992). It was thought the typical westernized diet provided adequate magnesium; however a significant amount of the US population may be falling short of recommended intake amounts (Rude, 1998). This may suggest that a tendency toward deficiency is more likely than previously estimated. According to the NIH, a cup of cooked brown rice contains approximately 80 mg of magnesium, which would be about 20% of RDA.

## 3.2.7. Manganese

The manganese concentrations in white rice samples ranged from 5.02 to 17.1 mg/kg; the range for brown rice was 5.1943.5 mg/kg. The mean concentration of manganese in the white rice samples analyzed was 10.5 mg/kg and 26.5 mg/kg in brown rice samples, with Roland Black Japonica rice having the highest levels. Brown rice is known as a good source of manganese and several of the samples had manganese levels in excess of 30 mg/ kg. Manganese is essential to human beings. It can function as an enzyme activator for several enzymes and as a component of some metalloenzymes.

It is also important for bone growth, carbohydrate and lipid metabolism. Because of its ubiquity in foods, deficiency is unlikely in an adequate diet. ",Discussion,14,19,23,10
4:a588b8f8-4a1b-4a79-8a1a-924958fc2820:10200,doc_01_Dietary intake of minerals and trace elements in rice on the Jamaican market,"trial

rice.

| Element   |   Concentration (mg/kg) |   Daily Intake (mg/day) |   PTWI (mg/kg bw) |   % of PTWI (M, 70kg) |   % of PTWI (F, 65kg) |
|-----------|-------------------------|-------------------------|-------------------|-----------------------|-----------------------|
| Al        |                   9.9   |                   0.706 |             1     |                   7.1 |                   7.6 |
| As        |                   0.05  |                   0.004 |             0.015 |                   2.4 |                   2.6 |
| Cd        |                   0.066 |                   0.005 |             0.007 |                   6.7 |                   7.2 |
| Hg        |                   0.087 |                   0.006 |             0.004 |                  15.5 |                  16.7 |

PTWI: Provisional Tolerable Weekly Intake; bw: body weight; M: male; F: female.

Values in bold indicate a detection limit value was used.

Rice appears to be a significant source of manganese for the Jamaican population with white rice contributing to 32% and 41% of the Adequate Intake (AI) for males and females respectively; bulk rice contributes 16 and 20% but of note is brown rice which on average supplies 82% of the male AI and 105% of the female AI. Although the upper limit established is 11 mg/day for adults it bears noting that the Jamaican diet has other significant sources of manganese including legumes and leafy vegetables (Howe et al., 2005) and although toxicity by dietary means is still unlikely, deficiency does not appear to be an issue.

The contribution to dietary sodium intake is insignificant, which may be advantageous given the propensity for excess sodium in the modern diet. Jamaica has a point prevalence of hypertension of 30.8% in the 15-and-over age group (Ragoobirsingh et al., 2002) and potassium is known to have an effect on the development and management of hypertension (Sica, 2008). It is therefore noteworthy that rice is not a rich source of potassium with brown rice contributing the most to the RDI at 3.3%.

Zinc and iron deficiencies have been well described in literature and the WHO lists these as leading causes of illness and disease in low income countries. Rice provides between 10 and 18% of the RDI for zinc however, unpublished data generated at ICENS, showed zinc levels in a survey of Jamaican blood to be among the highest in the world for men and women; about 42% above a world mean

presented in a literature review. While this warrants further investigation this may suggest that zinc deficiency is not a concern in the Jamaican diet. The RDI for iron is significantly different for males and females, thus, while males may obtain as much as 20% of their RDI from rice (using average white rice data) the contribution to RDI for females is, at best, only 9%. The relatively high levels of iron in white rice suggested by the mean are likely the result of enrichment and/or parboiling which puts the iron content on par with brown rice values.

Although cereals such as rice are generally considered low in iron the values for both brown and white rice are similar to the iron content of locally grown Jamaican foods. Jamaican fruits, legumes, leafy vegetables, root vegetables and other root crops had mean iron levels of 6.7, 30.0, 15.5, 12.9 and 9.6 mg/kg respectively (Howe et al., 2005).

Rice provides between 14 and 17% of the RDI for selenium. Selenium forms complexes with cadmium and mercury (McDowell, 1992) and with the potential for the Jamaican population to be exposed to both cadmium and mercury, selenium in the diet may take on added significance.

No RDI has been established for sulfur, but an adequate intake of 850 mg/day has been suggested.

Although no more than 11% of this would come from rice, a diet with sufficient protein should provide adequate sulfur. Organic sulfur compounds have a low degree of toxicity (Parcell, 2002) and since protein is the major source of sulfur a deficiency ",Discussion,10,25,40,18
4:a588b8f8-4a1b-4a79-8a1a-924958fc2820:14369,doc_02_Characterization of mercury species in brown and white rice,"<!-- image -->

## Contents lists available at ScienceDirect

## Environmental Pollution

j o urnal homepage: www.elsevier.com/locate/envpol

<!-- image -->

## Characterization of mercury species in brown and white rice ( Oryza sativa L.) grown in water-saving paddies

Sarah E. Rothenberg a, * , Xinbin Feng a, * , Bin Dong b , Lihai Shang a , Runsheng Yin a , Xiaobo Yuan c a State Key Laboratory of Environmental Geochemistry, Institute of Geochemistry, Chinese Academy of Sciences, 46 Guanshui Lu, Guiyang 550002, PR China

- b State Key Laboratory of Water Resources and Hydropower Engineering Science, Wuhan University, Wuhan 430072, PR China

c College of Resources and the Environment, Southwest University, Chongqing 400716, PR China

Methylmercury was more ef /uniFB01 ciently translocated to the endosperm than inorganic mercury.

## a r t i c l e i n f o

## a b s t r a c t

Article history: Received 12 October 2010 Received in revised form 11 January 2011 Accepted 15 January 2011

Keywords: Methylmercury Milled white rice

Translocation

Water-saving paddies

In China, total Hg (HgT) and methylmercury (MeHg) were quanti /uniFB01 ed in rice grain grown in three sites using water-saving rice cultivation methods, and in one Hg-contaminated site, where rice was grown under /uniFB02 ooded conditions. Polished white rice concentrations of HgT (water-saving: 3.3 /C6 1.6 ng/g; /uniFB02 ooded: 110 /C6 9.2 ng/g) and MeHg (water-saving 1.3 /C6 0.56 ng/g; /uniFB02 ooded: 12 /C6 2.4 ng/g) were positively correlated with root-soil HgT and MeHg contents (HgT: r 2 ¼ 0.97, MeHg: r 2 ¼ 0.87, p &lt; 0.05 for both), which suggested a portion of Hg species in rice grain was derived from the soil, and translocation of Hg species from soil to rice grain was independent of irrigation practices and Hg levels, although other factors may be important.

Concentrations of HgT and other trace elements were signi /uniFB01 cantly higher in unmilled brown rice ( p &lt; 0.05), while MeHg content was similar ( p &gt; 0.20), indicating MeHg in /uniFB01 ltrated the endosperm (i.e., white rice) more ef /uniFB01 ciently than inorganic Hg(II).

/C211 2011 Elsevier Ltd. All rights reserved.

## 1. Introduction

China is the world ' s highest emitter of atmospheric mercury (Hg) contributing 40% to the total global Hg emissions (Pacyna et al., 2010), and the largest producer of rice, responsible for 29% of the global paddy rice production (IRRI, 2010). In Guizhou province, southwestern China, a legacy of Hg contamination from industrial runoff, Hg mining, zinc smelting, and reliance on coal for power generation and residential heating has elevated Hg concentrations in air, soil, water and rice (reviewed by Feng and Qiu, 2008). In this region of China, rice is the primary methylmercury (MeHg) exposure pathway for some residents, not /uniFB01 sh (Feng et al., 2008; Zhang et al., 2010a).

The conversion of inorganic Hg(II) to MeHg is primarily mediated by anaerobic sulfate-reducers (Compeau and Bartha, 1985; Gilmour et al., 1992) and iron-reducing microbes (Fleming et al., 2006; Kerin et al., 2006), which are both ubiquitous in the vicinity of rice roots (Scheid et al., 2004). Wetlands are considered important Hg methylation sites, where /uniFB02 ooded conditions enhance anaerobic microbial activity and increase MeHg yields (Hurley et al.,

* Corresponding authors.

E-mail addresses: rothenberg.sarah@gmail.com (S.E. Rothenberg), fengxinbin@ vip.skleg.cn (X. Feng), dongbin@whu.edu.cn (B. Dong), shanglihai@vip.gyig.ac.cn (L. Shang), yinrunsheng2002@163.com (R. Yin), xiantao\_131@163.com (X. Yuan).

1995; Marvin-DiPasquale et al., 2003; St.

Louis et al., 1994). Like wetlands, rice paddies are active Hg methylation sites. In eastern Guizhou province, average MeHg levels in unpolished brown rice were enriched 9.6 e 35 times compared to other agricultural products (corn, wild greens, cabbage, tobacco) (rice: 25.3 ng/g; other crops: 0.721 e 2.63 ng/g, from Qiu et al., 2008), ",Results,9,20,30,0
4:a588b8f8-4a1b-4a79-8a1a-924958fc2820:17157,doc_03_Rice consumption contributes to low level methylmercury exposure in southern China," from literature and listed in Table 2.

The MeHg concentrations in /uniFB01 sh tissue ranged from 12.0 to 38.5 ng·g -1 in these 7 provinces.

## 3.2. PDIs of MeHg via rice and /uniFB01 sh consumption

The PDIs of MeHg through rice consumption in these 7 provinces are presented in Table 1.

Generally, rural population had signi /uniFB01 cant higher PDIs of MeHg than urban population in the same province, which is due to large daily rice intake (Table 1). The average PDI of MeHg from rice consumption for urban adult population in different provinces ranged from 0.004 to 0.008 μ g·kg -1 ·d -1 . In comparison, the average PDI of MeHg from rice consumption for rural population in these 7 provinces was 0.019 μ g·kg -1 ·d -1 , which amounted to 8.3% of PTWI recommended by JECFA.

Different from rice consumption, urban population had signi /uniFB01 cant higher PDIs of MeHg than rural population from /uniFB01 sh consumption (Table 2). The average PDI of MeHg for urban adult population in these 7 provinces ranged from 0.002 to 0.039 μ g·kg -1 ·d -1 . In comparison, the average PDI of MeHg from rice consumption for rural population in these 7 provinces was 0.009 μ g·kg -1 ·d -1 , which amounted to 3.9% of PTWI recommended by JECFA.

## 3.3. Relative contribution to MeHg exposure

ThePDIsof MeHgfrom /uniFB01 sh and rice consumption in these 7 provinces are presented in Fig. 4 for urban population and in Fig. 5 for rural population. The percentages of PDI of MeHg from rice consumption varied greatly; the lowest was found in the urban population in Guangdong Province (10.8%) and the highest was found in the rural population in

Fig. 2.

Comparison between THg concentrations in the rice samples collected from 7 provinces in southern China. ***, p b 0.001; *, p b 0.05; compared with Shanghai; each box represents interquartile range (25th and 75th percentiles), the band near the middle of the box is the 50th percentile (the median), and the whisker represents 5th and 95th percentiles.

<!-- image -->

Table 1 The PDIs of MeHg from rice consumption in these 7 provinces in Southern China.

|           |                     | Urban residents       | Urban residents             | Urban residents            | Rural residents       | Rural residents             | Rural residents            |
|-----------|---------------------|-----------------------|-----------------------------|----------------------------|-----------------------|-----------------------------|----------------------------|
| Province  | Rice MeHg/ ng·g - 1 | Daily intake/ g·d - 1 | Mean PDI/ μ g·kg - 1 ·d - 1 | 95% PDI/ μ g·kg - 1 ·d - 1 | Daily intake/ g·d - 1 | Mean PDI/ μ g·kg - 1 ·d - 1 | 95% PDI/ μ g·kg - 1 ·d - 1 |
| Guangdong | 1.86                | 154.8                 | 0.005                       | 0.010                      | 514.5                 | 0.016                       | 0.035                      |
| Shanghai  | 2.11                | 114.1                 | 0.004                       | 0.009                      | 365.9                 | 0.013                       | 0.030                      |
| Jiangsu   | 1.78                | 129.3                 | 0.004                       | 0.012                      | 397.3                 | 0.012                       | 0.038                      |
| Guangxi   | 3.14                | 137.0                 | 0.007                       | 0.016                      | 493.2                 | 0.026                       | 0.058                      |
| Hunan     | 3.33                | 137.0                 | 0.008                       | 0.026                      | 575.3                 | 0.032                       | 0.107                      |
| Jiangxi   | 2.04                | 137.0                 | 0.005                       | 0.010                      | 576.8                 | 0.020                       | 0.040                      |
| Guizhou   | 1.76                | 150.7                 | 0.004        ",Methods_Materials,8,11,11,4
4:a588b8f8-4a1b-4a79-8a1a-924958fc2820:10202,doc_01_Dietary intake of minerals and trace elements in rice on the Jamaican market," can be done, no definite conclusions can be drawn.

## 4. Conclusions

While rice is considered to be one of the major staples consumed in Jamaica, the actual contribution to elemental nutrition may not be significant; especially considering that the most widely consumed variety is white bulk rice which is not enriched.

It is noteworthy that the brown rice analyzed contains, on average, significantly greater concentrations of, Cr, Cu, K, Mg, Mn, Na, P, and Zn in comparison with the white rice samples. It is also of note that the mean Ca and Fe values are lower for brown rice than for white, and is likely due to the number of white rice samples which are enriched and/or parboiled.

Average per capita consumption of rice by Jamaicans is estimated at 71.2 g/day (FAOSTAT, 2007).

This is far less than in major rice consuming countries (Kennedy et al., 2002) such as Vietnam (464.7 g/day), Laos (470.0 g/day) and Myanmar (577.9 g/ day). Rice in the Jamaican diet is said to contribute 11.0% of dietary energy, 9.2% of protein and 1.5% of fat. Additionally, unlike in high consuming countries (particularly those in Asia), rice is not eaten at every meal and indeed may only be eaten at one meal per day, as ground provisions and other cereals or cereal products are also commonly consumed, and meats and vegetables likely play a more significant role in the Jamaican diet than in those of other major rice consuming nations. Notwithstanding, the pending shift toward rice cultivation in Jamaica warrants further study of the elemental content of the locally grown product, not only from a nutritive standpoint, but also because of the natural enrichment of heavy metals in some Jamaican soils. If rice production is to commence on a scale large enough to impact Jamaica's reliance on the importation of this staple this is among the criteria that should be used to select appropriate soils for cultivation.

## Acknowledgement

We thank Dr. Glynis Ford of the Rural Physical Planning Division, Ministry of Agriculture and Fisheries, Jamaica, for her assistance in obtaining the local rice samples from a field trial.

## References

Anke, M., Angelow, L., Muller, R., Anke, S., 2005. Recent progress in exploring the essentiality of the ultratrace element rubidium to the nutrition of animals and man. Biomedical Research on Trace Elements 16 (3), 203-207.

Berry, M.J., 2008. Mercury toxicity and the mitigating role of selenium. Ecohealth 5 (4), 456-459.

- Bonjour, J.-P., Gueguen, L., Palacios, C., Shearer, M.J., Weaver, C.M., 2009. Minerals and vitamins in bone health: the potential value of dietary enhancement. British Journal of Nutrition 101, 1581-1596.

Cakmak, I., 2008. Enrichment of cereal grains with zinc: agronomic or genetic biofortification? Plant Soil 302, 1-17.

- Canavese, C., DeCostanzi, E., Beregamo, D., Sabbioni, E., Stratta, P., 2008. Rubidium, salami and depression: you cannot have everything in life. Blood Purification 26, 311-314.
- Chowdhury, U.K., Biswas, B.K., Chowdhury, T.R., Samanta, G., Mandal, B.K., Basu, G.C., Chanda, C.R., Lodh, D., Saha, K.C., Mukherjee, S.K., Roy, S., Kabir, S., Quamruzzaman, Q., Chakraborti, D., 2000. Groundwater arsenic contamination in Bangladesh and West Bengal, India. Environmental Health Perspectives 108 (5), 393-397.

Codex, 1995. Codex General Standard for Contaminants and Toxins in Food and Feed. Codex Alimentarius Commission, Rome, Italy (Codex Standard 193-1995). Crossgrove, J., Zheng, W., 2004. Manganese toxicity upon overexposure. NMR in Biomedicine 17, 544-553.

Ekino, S., Susa, M., Ninomiya, T., Imamura, K., Kitamura, T., 2007. Minamata disease revisited: an update on the acute and chronic manifestations of methyl mercury poisoning. Journal of the Neurological Sciences 262 (1-2), 131-144.

Food and Agriculture Organization.

Food Balance Sheets, 2007, Jamaica. Retrieved December 27, 2010 from: http://faostat.fao.org/site/368/DesktopDefault.aspx? PageID=368#ancor.

Frisardi, V., Solfrizzi, V., ",Discussion,7,7,7,20
4:a588b8f8-4a1b-4a79-8a1a-924958fc2820:14375,doc_02_Characterization of mercury species in brown and white rice,"le 2). For brown and white rice grain, HgT BAFs ranged from 0.018 e 0.072 and 0.016 e 0.053, respectively, while MeHg BAFs ranged from 1.4 e 2.0 and 1.5 e 1.8, respectively. There were no differences between HgT and MeHg BAFs for brown and white rice (paired t -test, p &gt; 0.10, n ¼ 6 pairs). The ratios of MeHg BAF and HgT BAF for brown and white rice were 26 e 76 and 29 e 110, respectively, which were comparable to the ratio for MeHg and inorganic Hg(II) BAFs reported for brown rice grain in the Wanshan Hg mining area, Guizhou province (0.71 e 50, from Zhang et al., 2010d).

Fig.

3. MeHg levels in root, stems, and leaves collected in a) July and b) roots, stems, leaves and grain collected in September for site 1 Tuanlin (white), site 2 Downstream (black) and site 3 Upstream (gray). Results represent the mean ( /C6 1sd) from rice plants collected from 2 paddies within each site.

<!-- image -->

## Table 2

Concentrations of trace elements from composite and individual plants at sites 1 e 3, including HgT, MeHg, %MeHg (of HgT) and other trace elements (Cu, K, Mg, Mn, Ni and Zn). Bioaccumulation factors (BAFs, unitless) were calculated as the ratio between rice grain and root-soil concentrations of Hg species ( n ¼ 4 per site).

| Rice fraction   | Trace element                                                                                                                     | Site 1 Tuanlin Station                                                                                                                          | Site 2                                                                                                                                     | Site 3                                                                                                                                     |
|-----------------|-----------------------------------------------------------------------------------------------------------------------------------|-------------------------------------------------------------------------------------------------------------------------------------------------|--------------------------------------------------------------------------------------------------------------------------------------------|--------------------------------------------------------------------------------------------------------------------------------------------|
| White rice      | Hg T (ng/g) MeHg (ng/g) % MeHg of Hg T Hg T BAF MeHg BAF MeHg BAF/Hg BAF                                                          | 3.6 /C6 0.33 1.3 /C6 0.52 43 /C6 13 0.024 /C6 0.0035 1.8 /C6 0.27 75 /C6 0.11                                                                   | Downstream 1.8 /C6 0.15 0.67 /C6 0.028 42 /C6 5.6 0.053 /C6 0.0021 1.5 /C6 0.84 29 /C6 15                                                  | Upstream 4.6 /C6 1.9 1.8 /C6 0.91 40 /C6 12 0.016 /C6 0.0051 1.7 /C6 0.18 110 /C6 26                                                       |
| Brown rice      | Hg T (ng/g) MeHg (ng/g) % MeHg of Hg T Hg T BAF MeHg BAF MeHg BAF/Hg T BAF Cu ( m g/g) K (mg/g) Mg (mg/g) Mn ( m g/g) Ni ( m g/g) | 3.5 /C6 0.50 1.2 /C6 0.36 34 /C6 5.6 0.024 /C6 0.0023 1.5 /C6 0.037 61 /C6 9.4 2.9 /C6 0.42 2.9 /C6 0.12 1.3 /C6 0.019 27 /C6 1.3 0.43 /C6 0.19 | 2.5 /C6 0.42 0.69 /C6 0.35 36 /C6 11 0.072 /C6 0.020 2.0 /C6 1.7 26 /C6 17 2.7 /C6 0.24 3.0 /C6 0.27 1.2 /C6 0.17 26 /C6 2.7 0.41 /C6 0.11 | 5.0 /C6 1.6 1.5 /C6 1.2 26 /C6 3.8 0.018 /C6 0.0020 1.4 /C6 0.44 76 /C6 17 2.6 /C6 0.19 3.1 /C6 0.30 1.4 /C6 0.19 25 /C6 3.7 0.28 /C6 0.12 |

Higher accumulation of MeHg compared to HgT in rice grain was consistent with earlier studies that reported inorganic Hg(II) sorbed by roots was not readily translocated to the aerial portions of the plants (Beauford et al., 1977; Cavallini et al., 1999; Greger et al., 2005; Lindberg et al., 1979), and the proportion of MeHg was higher compared to inorganic Hg(II) in the aboveground plant biomass (Schwesig and Krebs, 2003). ",Results,7,12,33,6
4:a588b8f8-4a1b-4a79-8a1a-924958fc2820:10191,doc_01_Dietary intake of minerals and trace elements in rice on the Jamaican market,"             | 833-3097             | 2157 /C6 595            | 2221                    |
| La        | 0.421                         | < 0.002-0.035         | 0.010 /C6 0.009         | 0.003-0.056          | 0.014 /C6 0.017         | 0.007                   |
| Mg        | < 0.0001                      | 176-562               | 371 /C6 127             | 340-1450             | 1205 /C6 335            | 1229                    |
| Mn        | < 0.0001                      | 5.02-17.1             | 10.5 /C6 3.68           | 5.19-43.5            | 26.5 /C6 12.2           | 18.3                    |
| Mo        | 0.887                         | 0.438-1.62            | 0.790 /C6 0.275         | 0.447-1.20           | 0.770 /C6 0.276         | 0.54                    |
| Na        | 0.013                         | 1.65-11.4             | 6.00 /C6 2.95           | 5.07-48.1            | 15.1 /C6 13.2           | 21.3                    |
| P         | < 0.0001                      | 335-2591              | 1203 /C6 714            | 931-4339             | 3361 /C6 1014           | 3705                    |
| Rb        | 0.035                         | 0.699-9.10            | 4.75 /C6 2.12           | 2.13-16.4            | 7.55 /C6 4.17           | 2.92                    |
| S         | 0.032                         | 912-1328              | 1131 /C6 149            | 1118-1671            | 1291 /C6 200            | 1387                    |
| Sb        | 0.618                         | 0.002-0.010           | 0.005 /C6 0.003         | 0.003-0.009          | 0.005 /C6 0.002         | 0.002                   |
| Sc        | 0.251                         | 0.001-0.002           | 0.002 /C6 0.001         | 0.001-0.007          | 0.002 /C6 0.002         | 0.001                   |
| Se        | 0.389                         | < 0.028-0.236         | 0.108 /C6 0.066         | < 0.058-0.204        | 0.131 /C6 0.057         | 0.322                   |
| Sm        | 0.545                         | < 0.0004-0.004        | 0.002 /C6 0.001         | 0.0004-0.004         | 0.001 /C6 0.001         | 0.001                   |
| Sr        | 0.0002                        | 1.48-2.73             | 1.93 /C6 0.348          | 2.01-4.19            | 2.83 /C6 0.682          | 3.16                    |
| Th        | 0.007                         | < 0.003-0.008         | < 0.005 /C6 0.002       | 0.002 to < 0.011     | < 0.008 /C6 0.003       | < 0.009                 |
| Ti        | 0.262                         | < 4.10 to < 13.1      | < 8.51 /C6 2.69         | < 5.90 to < 13.9     | < 9.82 /C6 2.79         | < 11.8                  |
| U         | 0.911                         | < 0.001 to < 0.020    | < 0.006 /C6 0.006       | < 0.003 to < 0.009   | < 0.006 /C6 0.002       | 0.006                   |
| V         | 0.013                         | < 0.017-0.072         | 0.037 /C6 0.015         | < 0.021-0.091        | 0.057 /C6 0.024         | < 0.049                 |
| Zn        | < 0.0001                      | 12.6-19.0             | 15.6 /C6 1.90           | 16.6-24.5            | 20.2 /C6 2.73           | 22.5                    |

N.B.: detection limits for neutron activation analysis are variable; n : number of samples; SD: standard deviation.

and potentially toxic. While adequate intake recommendations vary by age and gender, the Recommended Daily Intake for most adult females is 25 m g/day and 35 m g/day for most adult males (NIH).

## 3.2.4. Copper

The copper concentration of white rice samples ranged from &lt; 0.770 to 2.72 mg/kg and the brown rice samples from 1.60 to 4.74 mg/kg. The mean concentration found in white rice was 1.65 mg/kg; in brown rice the mean was 2.96 mg/kg. Copper is essential to humans in small quantities as a key component of redox enzymes and hemocyanin; it is involved in mitochondrial function, cellular metabolism, connective tissue formation, and the absorption, storage and metabolism of iron (NIH). The copper ",Discussion,6,7,5,9
4:a588b8f8-4a1b-4a79-8a1a-924958fc2820:14119,doc_02_Characterization of mercury species in brown and white rice," Tuanlin Experimental Station. All samples were transported back to the Institute of Geochemistry in Guiyang ( &lt; 1 day of travel), where soil samples (for HgT and MeHg analysis) and 45 mL aliquots of aqueous samples (for MeHg analysis) were stored frozen until analysis ( /C0 20 /C14 C), while aqueous samples in borosilicate bottles (for HgT analysis) were refrigerated in the dark until analysis (4 /C14 C). All analyses were completed within 6 months following sample collection.

## 2.2.2. Rice milling

Air-dried mature rice grain from Hubei province was milled at the Research Center for Eco-Environmental Sciences, Chinese Academy of Sciences (CAS) (Beijing, China), and air-dried mature rice samples from Wanshan, Guizhou province, were milled at the Institute of Geochemistry, CAS (Guiyang, China), following methods described by Sun et al.

(2008) and using the same instruments at both locations. Brie /uniFB02 y, the hull was removed exposing the edible rice (i.e., the caryopsis, referred to as unpolished brown rice) (Huller, JLGJ4.5, China); for half the sample, the bran was removed to produce polished white rice (Rice mill, JNMJ3, China); lastly, both brown and white rice samples were ground to a powder in a blender that was cleaned with ethanol after each sample to avoid cross-contamination. Approximately 7% of the bran was removed, which was slightly higher than the proportion of bran in commercial brown rice (6.3%, from Franz and Sampson, 2006).

## 2.2.3. Hg species

HgT was measured in aqueous samples following the addition of 0.5% (v/v) 0.2 N bromine monochloride, reduction with hydroxylamine hydrochloride, further reduction with tin chloride, purging of volatile Hg o onto gold traps, and detection of Hg o by cold vapor atomic /uniFB02 uorescence spectrophotometry (CVAFS, Brooks Rand Model III, Seattle, USA), using methods detailed in EPA Method 1631, Revision E (USEPA, 2002).

MeHginaqueous samples was analyzed following distillation, adjustment of pH using 2 M acetate buffer, ethylation with 1% sodium tetraethylborate, capture of gaseous methylethylmercury onto Tenax traps, thermal desorption from traps, separation by gas chromatography, and detection by CVAFS (Brooks Rand Model III, Seattle, USA), as described in EPA Method 1630 (USEPA, 2001a).

Solid-phase HgT concentrations in rice and soil samples were analyzed with a portable Hg vapor analyzer (Lumex, Model RA-915 þ /PYRO-915 þ , St. Petersburg, Russia), using methods described in EPA Method 7473 (USEPA,1998). No pre-digestion

steps were necessary. MeHg concentrations in soil (1 e 2 g) and rice samples ( w 1 g) were analyzed using solvent extraction with dichloromethane (CH2Cl2). Soil samples were leached in 1.5 mL 2 M copper sulfate, 7.5 mL 25% HNO3 and 10 mL CH2Cl2 (Liang et al., 2004). For rice samples, 5 mL of 25% KOH e water were added and samples were heated for 3 h at 75 /C14 C in a water bath, then 5 mL concentrated HCl and 10 mL CH2Cl2 were added (based on Liang et al., 1996). After leaching, rice and soil samples were vigorously shaken ( w 1 h), centrifuged (25 min, 3500 RPM, 25 /C14 C), the phases were separated by suction leaving the organic phase, about 30 mL Milli-Q-H2O were added, and samples were heated in a 50 /C14 Cwaterbath for 1.5 h to evacuate CH2Cl2. MeHg was detected using CVAFS, as described for aqueous MeHg in distilled samples.

Concentrations for all solid-phase samples are reported in dry weight.

## 2.2.4. Organic content

HgT and MeHg concentrations for wet soil samples were converted to dry weight following oven drying to constant weight at 60 /C14 C. Organic carbon content was determined for dried samples by percent loss on ignition (LOI) at 550 /C14 Cfor two hours.

## 2.2.5. Other elements

Mg, K, Mn, Zn, Cu, and Ni were determined in brown and white rice grains following EPA Method 3050b (USEPA,1996).

All elements were analyzed using /uniFB02 ame atomic absorption spectrometry (AAS, Model 5100 PC, Perkin Elmer, Inc., ",Introduction,6,6,0,1
4:a588b8f8-4a1b-4a79-8a1a-924958fc2820:14377,doc_02_Characterization of mercury species in brown and white rice,"Fig.

4. HgT (ng/g) (a) and MeHg (ng/g) (b) concentrations in brown rice grain (gray) and white rice grain (white) ( /C6 1standard deviation for replicate analyses) for site 1 (Tuanlin), site 2 (downstream) and site 3 (upstream). Within each site, rice samples were collected within 2 paddies, including one composite sample ( n ¼ rice grain from 10 plants) and one individual sample ( n ¼ rice grain from 2 plants). The four bars for each site represent the composite sample for paddy 1, the individual sample for paddy 1, the composite sample for paddy 2 and the individual sample for paddy 2. For brown and white rice grains, HgT and MeHg levels for composite rice samples and individual plants collected within the same paddy did not differ (ANOVA, p &gt; 0.95, n ¼ 12), indicating spatial variability within these paddies did not signi /uniFB01 cantly affect results.

<!-- image -->

Fig.

5. White rice versus root-soil for a) HgT and b) MeHg, collected from water-saving sites in Hubei province (site 1 (Tuanlin): open circles, site 2 (downstream): black circles, and site 3 (upstream): open triangles), and one paddy /uniFB01 eld near Wanshan, Guizhou province (open square). For the latter site, the soil sample was collected within the rice paddy, not necessarily in contact with the rice root.

<!-- image -->

<!-- image -->

Although this data set is small, results suggested at least a portion of HgT and MeHg in rice grain likely originated from the soil, which was consistent with observations by Meng et al. (2010). However, the slope for MeHg was twice as high as the slope for HgT (1.3 versus 0.64), which indicated MeHg was more ef /uniFB01 ciently translocated from the soil to the rice grain, or MeHg was not recycled in the plant once transferred to the rice grain. Additionally, uptake and translocation of Hg species from the soil into the grain may be independent of irrigation practices and soil Hg concentrations. AWD practices result in more aerobic rice paddies; however, drier conditions practiced in these AWD sites did not inhibit the uptake of Hg species from the soil and loading into the grain. This may re /uniFB02 ect the ' safe ' AWD approach, where paddies are intermittently /uniFB02 ooded, water savings are minimal (about 15%), and rice yield is not compromised (Bouman et al., 2007). There are other factors that may in /uniFB02 uence the uptake of HgT and MeHg, including soil pH (Overesch et al., 2007), interaction with other metals (Du et al., 2005) and/or sulfur species (Hu et al., 2007), and differences between cultivars (Liu et al., 2004), which were not examined in this analysis. More research is needed to calibrate the effect of AWD on uptake of nutrients and trace elements into the rice grain, to optimize nutritional quality and minimize exposure to toxic heavy metals.

## 3.5.

Hg speciation in brown and white rice

This is the /uniFB01 rst study, to the best of our knowledge, to report Hg species in both brown and white rice fractions. Earlier studies from Guizhou province reported MeHg levels in unpolished brown rice (e.g., Horvat et al., 2003; Meng et al., 2010; Qiu et al., 2006, 2008; Zhang et al., 2010a,d). Since milling may reduce micronutrient levels (Heinemann et al., 2005; Sellappan et al., 2009; Villareal et al., 1991), Hg species and other elements were compared between unpolished brown rice grain and polished white rice grain, and between sites (Table 2).

Using combined results from both composite and individual rice grain samples grown in 3 water-saving sites, HgT levels were signi /uniFB01 cantly higher in brown rice grain (paired t -test, p &lt; 0.05,

n ¼ 12), while MeHg levels did not differ between the two fractions (paired t -test, p &gt; 0.20, n ¼ 12) (Fig.

4). Concentrations of other trace elements (Mg, K, Mn, Zn, and Ni) were also signi /uniFB01 cantly higher in brown rice compared to white rice ( p &lt; 0.05, n ¼ 12), and borderline signi /uniFB01 cant for Cu ( p &lt; 0.054, n ¼ 12). ",Methods_Materials,6,20,38,8
4:a588b8f8-4a1b-4a79-8a1a-924958fc2820:14378,doc_02_Characterization of mercury species in brown and white rice,"elements (Mg, K, Mn, Zn, and Ni) were also signi /uniFB01 cantly higher in brown rice compared to white rice ( p &lt; 0.05, n ¼ 12), and borderline signi /uniFB01 cant for Cu ( p &lt; 0.054, n ¼ 12). Between sites, there were no signi /uniFB01 cant differences for MeHg and other trace elements (Mg, K, Mn, Zn, Cu, and Ni) in brown and white rice grain; however, HgT levels in brown rice were signi /uniFB01 cantly higher in site 3 compared to site 2 (ANOVA, p &lt; 0.05, n ¼ 12) (Table 2).

The concentration of Hg species in brown rice is comprised of the weighted contributions from bran and polished white rice. The proportion of brown rice in white rice may be derived as follows, where 7% is the percentage of bran milled (see Section 2.2.2 methods for rice milling).

<!-- formula-not-decoded -->

Dividing by the concentration in brown rice in equation (1) gives the following result:

<!-- formula-not-decoded -->

The term on the right (i.e., 0.93 /C2 [white]/[brown]) represents the proportion of trace element transferred from brown rice to white rice (from Villareal et al., 1991). The authors reported the following percentages for rice with 10% bran removed: Cu 99%, Zn 66%, K 48%, Mn 45%, and Mg 40%, which indicated Cu was transported more ef /uniFB01 ciently into the endosperm (i.e., white rice) compared to Mg (Villareal et al., 1991). From this study, average percentages for the same trace elements differed but the rankings were the same (Cu 86 /C6 13%, Zn 77 /C6 7.4%, K 57 /C6 7.9%, Mn 57 /C6 8.3%, and Mg 48 /C6 8.5%).

Percentages for Ni and Hg species were: Ni 85 /C6 24%, HgT 82 /C6 14%, and MeHg 120 /C6 59%. When one rice sample from Wanshanwasincluded, which was grown under /uniFB02 ooded conditions (white rice HgT: 110 /C6 9.2, MeHg 12 /C6 2.4; brown rice: HgT: 200 /C6 16, MeHg 17 /C6 8.9), percentages for Hg species did not signi /uniFB01 cantly change (HgT 80 /C6 16%, and MeHg 120 /C6 58%).

Percentage differences re /uniFB02 ect where elements reside in the rice grain. Using synchrotron X-ray /uniFB02 uorescence (XRF) and particle induced X-ray emission (PIXE) to map the locations of nutrients in the rice grain, Lombi et al. (2009) reported both Zn and Cu decreased in concentration from the pericarp to the interior of the endosperm, while K and Mn were localized in the aleurone/pericarp region. During the milling process, the embryo, pericarp and most of the aleurone layer are removed, leaving polished white rice. Nutrients more concentrated in these layers are reduced during the milling process.

Unlike most other trace elements, milled white rice did not result in a reduction in MeHg levels. Variability for MeHg was also higher compared to other micronutrients, which possibly re /uniFB02 ected higher RPD between replicate digestions (MeHg: 24%; HgT: 12%; Ni: 27%, others: &lt; 8%) (Table 1). Similar MeHg levels in white and brown rice grain suggested more ef /uniFB01 cient unloading of this species into the endosperm. In rice grain, the /uniFB01 lial tissue (endosperm, germ, and aleurone) is isolated from the maternal tissue (pericarp, placenta, vascular tissue, chalaza, and nucellus) (Krishnan and Dayanandan, 2003). The ovular vascular trace, which is part of the maternal tissue, is the only source of nutrients for the developing grain (Krishnan and Dayanandan, 2003), and is considered a bottleneck for nutrient unloading (Lombi et al., 2009). It is possible organic nutrients, including MeHg, utilize membrane transport pathways into the grain more ef /uniFB01 ciently, which was reported in rice grain for organic dimethylarsinic acid (Carey et al., 2010; Lombi et al., 2009; Meharg et al., 2008) and for organic selenium species (Li et al., 2010; Sun et al., 2010; Williams et al., 2009).

## 4. Conclusions

AWD water-saving methods did not affect the uptake rate (i.e., slope of the regression line) of HgT and MeHg between the soil and rice grain, although other factors may be important.

Despite drier, more aerobic ",Discussion,6,17,58,9
4:a588b8f8-4a1b-4a79-8a1a-924958fc2820:17154,doc_03_Rice consumption contributes to low level methylmercury exposure in southern China,"removed and destroyed by cooking

⁎ Corresponding author at: State Key Laboratory of Environmental Geochemistry, Institute of Geochemistry, Chinese Academy of Sciences, 46 Guanshui Road, Guiyang, 550002, China. Tel.

: +86 851 5891356; fax: +86 851 5891609.

E-mail address: fengxinbin@vip.skleg.cn (X. Feng).

or cleaning processes. MeHg contamination in /uniFB01 sh poses a particular challenge to public health, because /uniFB01 sh is a highly nutritious food, with known bene /uniFB01 ts for human health (Mergler et al., 2007).

Recent studies have highlighted that rice can accumulate relatively high levels of MeHg (174 ng·g -1 ) in mercury (Hg) mining areas in Guizhou Province, Southwestern China (Horvat et al., 2003; Qiu et al., 2008; Zhang et al., 2010a). Shi et al. (2005) also found the MeHg concentrations in rice samples produced in 15 provinces in China ranged from 1.9 to 10.5 ng·g -1 . Furthermore, rice, rather than /uniFB01 sh, is the main route of human MeHg exposure in Wanshan Hg mining area (Feng et al., 2008) and even in Guizhou Province in China (Zhang et al., 2010b). The bioavailability of Hg in rice is not known but adverse effects including neurobiological disruptions and increase of c-fos gene expression have been observed in rats feeding experiments with MeHg contaminated rice (Cheng et al., 2006; Ji et al., 2006). The probable daily intake (PDI) of MeHg from rice consumption indicated potential human health risk in Hg mining areas (Feng et al., 2008; Li et al., 2011; Zhang et al., 2010b). The MeHg translocation and accumulation in rice plant (Meng et al., 2010, 2011) and the effects of mitigation methods and cultivar variations (Peng et al., 2012; Rothenberg et al., 2011) were observed.

Withrapideconomicgrowthinthelast 3 decades, China is considered as the largest anthropogenic source of Hg emission in the world (Pacyna et al., 2006). Its annual Hg emission reached 604.7 t in 2000, accounting for 28% of the global emissions (Pacyna et al., 2006). Coal combustion and non-ferrous metal smelting are the most important anthropogenic sources (Streets et al., 2005). The large Hg emissions have resulted in serious environmental Hg pollution in China (Feng, 2004; Jiang et al., 2006; Zhang and Wong, 2007). But there are no comprehensive studies regarding this environmental health problem to evaluate human Hg exposure and associated health effects.

Furthermore, Hg concentrations in soil are not evenly distributed over China; southern China has higher Hg concentrations than northern China (Zheng, 1994) as the Global Circum-Paci /uniFB01 c Hg Belt crosses southern China (Feng, 2004). Northern and southern China are divided by the Huai River-Qinling Mountains in geography, with big differences in climate (cold and dry in northern China; warm and rainy in southern China), geography, culture, language, and cuisine. Rice is the second largest produced crop in the world and China is the largest rice producer with 30.7% of the global production (UNCTAD, 2011).

Southern China is the main rice cultivation area accounting for 93% of national rice production in 2009 (NBS, 2010) and rice is the staple food for the population in this region. The relative high Hg background in the soil (Zheng, 1994) andfrequentrice intake indicate that the general population in southern China may be at risk of elevated exposure to MeHg.

The objective of this study was to evaluate human health risk through rice and /uniFB01 sh consumption in southern China and to calculate the relative contribution from rice and /uniFB01 sh consumption. It will provide an overview of human MeHg exposure and risk assessment and new understanding of MeHg exposure pathways in southern China.

## 2. Materials and methods

## 2.1. Sample collection

A total of 284 polished rice samples ( Oryza sativa L.) were collected in 2007 from markets in urban area or residents' house in rural area in 7 provinces in southern China, which include 4 coastal area: Guangdong ( n =47),",Results,6,13,42,1
4:a588b8f8-4a1b-4a79-8a1a-924958fc2820:10189,doc_01_Dietary intake of minerals and trace elements in rice on the Jamaican market,"|
| Daawat Brown Rice                      | India                                               |
| Roland Arborio Rice                    | Italy                                               |
| Kendel Brown Gold Basmati Rice         | Pakistan                                            |
| Kaset Jasmine Rice                     | Thailand                                            |
| Kendel Jasmine Rice                    | Thailand                                            |
| Khao Thai Brown Jasmine Rice           | Thailand                                            |
| Mahatma Jasmine Rice                   | Thailand                                            |
| Nep Thoung Hang Sweet Rice             | Thailand                                            |
| Oriental Mascot Sweet Rice             | Thailand                                            |
| Roland Jasmine Rice                    | Thailand                                            |
| Roland Black Japonica Rice             | Unknown                                             |
| Kendel Long Grain White Rice           | Unknown; packaged in Jamaica                        |
| Carib Pearl Long Grain Parboiled Rice  | Unknown; packaged in St. Vincent and the Grenadines |
| Natural Diamond Brown Rice             | Unknown; packaged in St. Vincent and the Grenadines |
| Three Jewels Brown Rice                | Unknown; packaged in St. Vincent and the Grenadines |
| Three Jewels Long Grain Parboiled Rice | Unknown; packaged in St. Vincent and the Grenadines |
| Three Jewels Long Grain White Rice     | Unknown; packaged in St. Vincent and the Grenadines |
| Bob's Red Mill Sweet Brown Rice        | USA                                                 |
| Grace Long Grain White Rice            | USA                                                 |
| Mahatma Long Grain Enriched Rice       | USA                                                 |
| Riceland Brown Rice                    | USA                                                 |
| Riceland Enriched White Rice           | USA                                                 |
| Uncle Ben Whole Grain Brown Rice       | USA                                                 |
| Zatarain Parboiled Rice                | USA                                                 |

for muscle contraction, nervous system function, blood vessel expansion and contraction, and secretion of hormones and enzymes (McDowell, 1992). Adequate intake of calcium for adults is 1000-1300 mg/day, depending on age and gender (National Institutes of Health (USA), NIH), and as such even enriched rice would not contribute significantly to dietary calcium intake at moderate consumption levels.

## 3.2.2. Cobalt

The cobalt concentration ranged from 0.073 to 0.132 mg/kg for white rice and 0.081 to 0.136 mg/kg for brown rice.

The mean concentration was found to be 0.097 mg/kg in white rice and 0.105 mg/kg in brown rice. Cobalt is an essential trace nutrient, particularly as a constituent of vitamin B12 and some metalloproteins. As it is present in small amounts in most foods deficiency is rare; a lack however may lead to pernicious anemia which can be fatal (McDowell, 1992).

## 3.2.3. Chromium

The chromium content of the white rice samples ranged from &lt; 0.030 to 0.159 mg/kg; the range for brown rice samples was &lt; 0.030-0.487 mg/kg. The mean chromium content of the white rice samples was 0.080 mg/kg and the mean for brown rice was 0.157 mg/kg. The highest value, 0.487 mg/kg, was found in Three Jewels Brown Rice. Humans require chromium in trace amounts. Its mechanisms in the body are not well defined but it is known to enhance the action of insulin, and appears to aid in the metabolism and storage of protein, carbohydrates and fats.

Chromium is present in very low levels in food and absorption rates in the body are low, between 0.4% and 2.5%. It is primarily found in two forms: Cr(III), which is biologically active, and Cr(VI), ",Discussion,5,5,6,7
4:a588b8f8-4a1b-4a79-8a1a-924958fc2820:9888,doc_01_Dietary intake of minerals and trace elements in rice on the Jamaican market,"<!-- image -->

Contents lists available at SciVerse ScienceDirect

## Journal of Food Composition and Analysis

j o u rn al ho m epag e: ww w.els evier . c om / l o cat e/jfc a

<!-- image -->

## Original Research Article

The local field trial sample yielded encouraging results in terms of uptake of toxic elements.

The husk was removed from the sample of locally grown rice, and the brown rice was washed with deionized water and ovendried at 65 8 C. All samples were ground to a fine powder for analysis using a Fritsch Pulverisette 2 automated agate mortar and pestle (Fritsch, Germany). Samples were prepared for analysis by ICP-OES, F-AAS and TXRF by acid digestion. 20 mL of 1:3 HCl:HNO3 (Fisher TraceMetal Grade acids; Fisher Chemical, MA, USA) was added to 1 g of sample in a 70 mL graduated polyethylene vial, covered with a polyethylene watch glass and allowed to stand overnight. The following day the samples were digested at 110 8 C for 2 h using a graphite heating block (ModBlock; CPI International, CA, USA) and made up to 50 mL with 2% HNO3 (Howe et al., 2005).

The analytical techniques used were flame atomic absorption spectrophotometry (F-AAS) using a PerkinElmer 5100PC Spectrophotometer (PerkinElmer, MA, USA); inductively coupled plasma optical emission spectroscopy (ICP-OES) using a PerkinElmer Optima 7000DV (PerkinElmer, MA, USA); instrumental neutron activation analysis (INAA) using a SLOWPOKE II research reactor (Atomic Energy of Canada Limited, ON, Canada); and total reflection X-ray fluorescence (TXRF) using a Wobistrax /C223 TXRF spectrometer (Atominstitut der O ¨ sterreichischen Universita ¨ten, Vienna University of Technology, Vienna, Austria). The technique selected for each element was dependent on availability at the institution, detection limit and robustness.

Measurements by AAS and ICP-OES were done in triplicate, with the mean results being presented. The uncertainty of the measurements by INAA and TXRF are a function of acquisition time.

Calibration standards for F-AAS and ICP-OES analyses were prepared using Certiprep solutions (SPEX Certiprep, NJ, USA) in 2% HNO3. Deuterium lamp background corrections were performed for AAS. An internal standard containing 0.04 mg/L scandium and 0.2 mg/L yttrium was used for ICP-OES analyses.

For analyses using TXRF, the calibration and internal standards were prepared by serial dilutions of a solution containing 10,000 mg/L (Certiprep solutions) in 5% HNO3. An aliquot of a cobalt (Co) solution was added as an internal standard to achieve a final concentration of 10 mg/L. The samples were then homogenized with a vortex mixer and analyzed after pipetting 10 m L onto a quartz sample carrier/reflector and evaporating the solvent on a hot plate at low power.

The samples were irradiated under vacuum for 1000 s at 50 kV and 40 mA in a Wobistrax /C223 TXRF spectrometer (Streli et al., 2004). Blanks were treated identically to the samples.

INAA was performed using the SLOWPOKE-2 nuclear reactor. For the determination of short-lived radioisotopes, approximately 700 mg of sample was weighed out into pre-cleaned double polyethylene bags and heat sealed in pre-cleaned 7 cm 3 polyethylene vials (Lalor et al., 2000).

Each sample was irradiated for 3 min at a neutron flux of 5 /C2 10 11 n cm /C0 2 s /C0 1 and allowed decay periods of approximately 5 and 60 min before counting. For intermediate and long lived radioisotopes approximately 1300 mg of sample was weighed out in pre-cleaned polyethylene capsules which were then heat sealed in 7 cm 3 polyethylene vials and irradiated for 4 h at a neutron flux of 1 /C2 10 12 n cm /C0 2 s /C0 1 and allowed a decay period of 4 days and 14 days respectively before counting. For short and intermediate-lived radioisotopes gamma ray spectroscopy was performed using an Ortec High-Purity germanium coaxial gamma photon detector system with an efficiency of 71% and a resolution of 1.8 keV at the 60 Co 1332 keV gamma line. Long lived ",Methods_Materials,4,4,0,0
4:a588b8f8-4a1b-4a79-8a1a-924958fc2820:9890,doc_01_Dietary intake of minerals and trace elements in rice on the Jamaican market,"     121     | 124 /C6 4                 | na                          |
| NIST 1547 - Peach Leaves      | Ca        | INAA             |   2 |                    1.54  | 1.56 /C6 0.02             | na                          |
|                               | Mg        | INAA             |   2 |                 4135     | 4320 /C6 80               | na                          |
| NIST 1568a - Rice Flour       | P         | TXRF             |   2 |                 1326     | 1523 /C6 80               | na                          |
| NIST 1568a - Rice Flour       | S         | TXRF             |   2 |                 1126     | 1200 /C6 20               | na                          |
|                               | Zn        | F-AAS            |   3 |                   17.9   | 19.4 /C6 0.5              | na                          |
| NIST 1570a - Spinach Leaves   | Cd        | INAA             |   2 |                    2.66  | 2.89 /C6 0.07             | na                          |
|                               | U         | INAA             |   2 |                    0.138 | 0.155 /C6 0.023 a         | na                          |
| NIST 8436 - Durum Wheat Flour | Cu        | ICP-OES          |   1 |                    3.95  | 4.30 /C6 0.69             | na                          |
|                               | Mn        | ICP-OES          |   1 |                   14.3   | 16.0 /C6 1.0              | na                          |
|                               | K         | ICP-OES          |   1 |                 2789     | 3180 /C6 140              | na                          |
| IAEA 336 - Lichen             | As        | INAA             |   4 |                    0.6   | 0.63                      | 0.55-0.71                   |
|                               | Br        | INAA             |   4 |                   12.5   | 12.9                      | 11.2-14.6                   |
|                               | Ce        | INAA             |   4 |                    1.19  | 1.28                      | 1.11-1.45                   |
|                               | Co        | INAA             |   4 |                    0.26  | 0.29                      | 0.24-0.34                   |
|                               | Cr        | INAA             |   4 |                    1.06  | 1.06 a                    | 0.89-1.23                   |
|                               | Cs        | INAA             |   4 |                    0.095 | 0.11                      | 0.097-0.123                 |
|                               | Eu        | INAA             |   4 |                    0.025 | 0.023 a                   | 0.019-0.027                 |
|                               | Fe        | INAA             |   4 |                  423     | 430                       | 380-480                     |
|                               | Hg        | INAA             |   4 |                    0.22  | 0.2                       | 0.16-0.24                   |
|                               | La        | INAA             |   4 |                    0.636 | 0.66                      | 0.56-0.76                   |
|                               | Na        | INAA             |   4 |                  304     | 320                       | 280-360                     |
|                               | Rb        | INAA             |   4 |                    1.92  | 1.76 a                    | 1.54-1.98                   |
|                               | Sb        | INAA             |   4 |                    0.064 | 0.073                     | 0.063-0.083                 |
|                               | Sc        | INAA             |   4 |                    0.16  | 0.17 a                    | 0.15-0.19                   |
|                               | Se        | INAA             |   4 |                    0.25  | 0.22                      | 0.18-0.26                   |
|                          ",Other,4,4,0,2
4:a588b8f8-4a1b-4a79-8a1a-924958fc2820:10197,doc_01_Dietary intake of minerals and trace elements in rice on the Jamaican market,"      9    |           9    |
| Se        |          0.108 |                   0.008 |             0.055 |             0.055 |          14    |          14    |
| Zn        |         15.6   |                   1.112 |            11     |             8     |          10    |          14    |

RDI: Recommended Daily Intake; M: male; F: female.

Table 5B Daily intake estimates for essential nutrients from brown rice.

| Element   |   Mean (mg/kg) |   Daily Intake (mg/day) |   RDI, mg/day (M) |   RDI, mg/day (F) |   % of RDI (M) |   % of RDI (F) |
|-----------|----------------|-------------------------|-------------------|-------------------|----------------|----------------|
| Ca        |        104     |                   7.416 |          1000     |          1300     |           0.74 |           0.57 |
| Cr        |          0.157 |                   0.011 |            35     |            25     |           0.03 |           0.04 |
| Cu        |          2.96  |                   0.211 |             0.9   |             0.9   |          23    |          23    |
| Fe        |         20.1   |                   1.432 |             8     |            18     |          18    |           8    |
| K         |       2157     |                 153.6   |          4700     |          4700     |           3.3  |           3.3  |
| Mg        |       1205     |                  85.77  |           420     |           320     |          20    |          27    |
| Mn        |         26.5   |                   1.888 |             2.3   |             1.8   |          82    |         105    |
| Mo        |          0.77  |                   0.055 |             0.045 |             0.045 |         122    |         122    |
| Na        |         15.1   |                   1.076 |          2300     |          2300     |           0.05 |           0.05 |
| P         |       3361     |                 239.3   |           700     |           700     |          34    |          34    |
| S         |       1291     |                  91.95  |           850     |           850     |          11    |          11    |
| Se        |          0.131 |                   0.009 |             0.055 |             0.055 |          17    |          17    |
| Zn        |         20.2   |                   1.435 |            11     |             8     |          13    |          18    |

RDI: Recommended Daily Intake; M: male; F: female.

Table 5C Daily intake estimates for essential nutrients from bulk

rice.

| Element   |   Concentration (mg/kg) |   Daily Intake (mg/day) |   RDI, mg/day (M) |   RDI, mg/day (F) |   % of RDI (M) |   % of RDI (F) |
|-----------|-------------------------|-------------------------|-------------------|-------------------|----------------|----------------|
| Ca        |                  56.89  |                   4.051 |          1000     |          1300     |           0.41 |           0.31 |
| Cr        |                   0.088 |                   0.006 |            35     |            25     |           0.02 |           0.03 |
| Cu        |                   1.51  |                   0.108 |             0.9   |             0.9   |          11.95 |          11.95 |
| Fe        |                   9.05  |                   0.644 |             8     |            18     |           8.05 |           3.58 |
| K         |                 685     |                  48.77  |          4700     |          4700     |           1.04 |           1.04 |
| Mg        |                 380.9   |                  27.12  |           420     |           320     |           6.46 |           8.48 |
| Mn        |                   5.02  |                   0.357 |             2.3   |             1.8   |          15.54 |          19.86 |
| Mo        |                   0.48  |                   0.034 |             0.045 |             0.045 |          75.95 |          75.95 |
| Na        |                   6.37  |                   0.454 |          2300     |    ",Discussion,4,4,0,15
4:a588b8f8-4a1b-4a79-8a1a-924958fc2820:14123,doc_02_Characterization of mercury species in brown and white rice,"     | Hg T (ng/g) MeHg (ng/g) % MeHg of Hg T Hg T BAF MeHg BAF MeHg BAF/Hg T BAF Cu ( m g/g) K (mg/g) Mg (mg/g) Mn ( m g/g) Ni ( m g/g) | 3.5 /C6 0.50 1.2 /C6 0.36 34 /C6 5.6 0.024 /C6 0.0023 1.5 /C6 0.037 61 /C6 9.4 2.9 /C6 0.42 2.9 /C6 0.12 1.3 /C6 0.019 27 /C6 1.3 0.43 /C6 0.19 | 2.5 /C6 0.42 0.69 /C6 0.35 36 /C6 11 0.072 /C6 0.020 2.0 /C6 1.7 26 /C6 17 2.7 /C6 0.24 3.0 /C6 0.27 1.2 /C6 0.17 26 /C6 2.7 0.41 /C6 0.11 | 5.0 /C6 1.6 1.5 /C6 1.2 26 /C6 3.8 0.018 /C6 0.0020 1.4 /C6 0.44 76 /C6 17 2.6 /C6 0.19 3.1 /C6 0.30 1.4 /C6 0.19 25 /C6 3.7 0.28 /C6 0.12 |

Higher accumulation of MeHg compared to HgT in rice grain was consistent with earlier studies that reported inorganic Hg(II) sorbed by roots was not readily translocated to the aerial portions of the plants (Beauford et al., 1977; Cavallini et al., 1999; Greger et al., 2005; Lindberg et al., 1979), and the proportion of MeHg was higher compared to inorganic Hg(II) in the aboveground plant biomass (Schwesig and Krebs, 2003). One hypothesis is that glutathione-derived peptides present in the roots, called phytochelatins (Cobbett and Goldsbrough, 2002), chelate inorganic Hg (II) more ef /uniFB01 ciently than MeHg, which was suggested by Krupp et al.

(2009). Limitation of inorganic Hg(II) translocation may be a protective mechanism since inorganic Hg(II) may hinder transpiration, affect plant growth, or cause oxidative stress (e.g., Zhou et al., 2007), and should be further tested.

## 3.3. Calculation of daily MeHg ingestion rate

The average rice ingestion rate in 2008 in China was 270 g/d, which was based on the annual total rice consumption (130,778 /C2 10 3 t, from IRRI, 2010) and the population of China (1,324,655 /C2 10 3 , from PRB, 2010).

Using the mean MeHg levels in white rice (average: 1.2 ng/g, n ¼ 12), and assuming mean body weight is 60 kg, the mean daily MeHg intake rate from rice ingestion was 0.0054 m g kg /C0 1 d /C0 1 , which was 17 times lower than the U.S. EPA recommended level (0.1 m g kg /C0 1 d /C0 1 , USEPA, 2001b). Higher MeHg exposure levels were reported for brown rice in the Hg mining area in China, assuming the daily rice ingestion rate was 620 g/d (e.g., 0.26 m g kg /C0 1 d /C0 1 from Qiu et al., 2008; 0.012 e 0.44 m g kg /C0 1 d /C0 1 from Zhang et al., 2010c). Using the higher ingestion rate, the daily MeHg exposure level for this study was 0.012 m g kg /C0 1 d /C0 1 (i.e., 8.1 times lower than the U.S. EPA reference dose, USEPA, 2001b), which indicated rice grain harvested from these paddies near Tuanlin village, Hubei province, China was not a signi /uniFB01 cant source of MeHg to humans.

## 3.4. The effect of AWD on the uptake rate of HgT and MeHg in rice grain

For brown and white rice grains, HgT and MeHg levels for composite rice samples and individual plants collected within the same paddy /uniFB01 eld did not differ (ANOVA, p &gt; 0.95, n ¼ 12), indicating spatial variability within these rice paddies did not signi /uniFB01 -cantly affect results. HgT and MeHg in rice grain (from both composite and individual plants) were ranked as follows: site 2 &lt; site 1 &lt; site 3 (Fig.

4). For both brown and white rice, HgT content was signi /uniFB01 cantly higher in site 3 compared to site 2 (HgT log-transformed, ANOVA, p &lt; 0.05, n ¼ 6), but MeHg content was not signi /uniFB01 cantly higher in either rice fraction between sites (MeHg log-transformed, ANOVA, p &gt; 0.05, n ¼ 6), which was not unexpected, since aqueous MeHg levels in irrigation water were similar between all three sites (see Section 3.1, also Table S1).

HgT and MeHg concentrations in white rice were most correlated with HgT and MeHg levels in root-soil compared to all other parameters, including organic content (Fig. 5, Table S2, n ¼ 6).

For comparison, one paired rice grain and soil sample was included from the Wanshan Hg mining area (soil data from Meng et al., 2010), where the rice paddy was continuously /uniFB02 ooded under 4 e 5 cm of standing water. The coef ",Methods_Materials,4,4,0,5
4:a588b8f8-4a1b-4a79-8a1a-924958fc2820:17153,doc_03_Rice consumption contributes to low level methylmercury exposure in southern China,"<!-- image -->

Contents lists available at SciVerse ScienceDirect

## Environment International

j o u r n a l homepage: www.elsevier.com/locate/envint

<!-- image -->

## Rice consumption contributes to low level methylmercury exposure in southern China

Ping Li a , Xinbin Feng a, ⁎ , Xiaobo Yuan a , Hing Man Chan b , Guangle Qiu a , Guo-Xin Sun c , Yong-Guan Zhu c,d

- a State Key Laboratory of Environmental Geochemistry, Institute of Geochemistry, Chinese Academy of Sciences, Guiyang, 550002, China
- b Centre for Advanced Research in Environmental Genomics, University of Ottawa, Ottawa, K1N 6N5, Canada
- c Research Center for Eco-Environmental Sciences, Chinese Academy of Sciences, Beijing, 100085, China
- d Institute of Urban Environment, Chinese Academy of Sciences, Xiamen, 361021, China

## a r t i c l e i n f o

## a b s t r a c t

Article history:

Received 5 June 2012

Accepted 13 August 2012

Available online 1 September 2012

Keywords:

Rice

Total mercury

Methylmercury Probable daily intake

Contribution

Southern China

Fish consumption is considered as the primary pathway of human methylmercury (MeHg) exposure. However, recent studies highlighted that, rice, rather than /uniFB01 sh, is the main route of human MeHg exposure in Guizhou, inland China. China is considered as the largest anthropogenic source of mercury (Hg) emission in the world, which has led to serious environmental Hg pollution.

But there are no comprehensive studies regarding this environmental health problem to evaluate human Hg exposure and associated health effects. This study aimed to estimate daily MeHg intake and health risk in 7 provinces in southern China, and to assess the relative contribution from rice and /uniFB01 sh consumption. The average levels of total mercury (THg) and MeHg in rice samples were generally low at 10.1 ng·g -1 and 2.47 ng·g -1 , respectively. But a total of 36 rice samples (12.7%) had THg concentration exceeding the national limit (20 ng·g -1 ). Generally, rural population had signi /uniFB01 cantly higher Probable Daily Intakes (PDIs) of MeHg than urban population from rice consumption and its relative contribution to MeHg exposure increased signi /uniFB01 cantly from coastal to inland area. The averages of PDIs of MeHg were 0.020 μ g·kg -1 ·d -1 and 0.028 μ g·kg -1 ·d -1 for urban and rural population in southern China, respectively. Despite the serious environmental Hg pollutions in China, the general population in southern China had low risk of MeHg exposure. But rice is an important route of human MeHg exposure in southern China, especially for the rural population in inland area. The /uniFB01 ndings indicate that rice consumption should be considered when evaluating MeHg exposure in rice eating population in southern China.

© 2012 Elsevier Ltd. All rights reserved.

## 1. Introduction

Methylmercury (MeHg) is a potent toxicant (ATSDR, 1999; NRC, 2000; USEPA, 1997). The nervous system is the primary target organ for MeHg poisoning and the brain of developing fetus is more sensitive than that of the adult (Clarkson et al., 2003). Using the benchmark dose lower limit (BMDL), the Joint Expert Committee on Food Additives (JECFA) of the Food and Agriculture Organization and the World Health Organization established a provisional tolerable weekly intake (PTWI) for MeHg to 1.6 μ g·kg -1 ·week -1 (JECFA, 2003). In 1997, the United States Environmental Protection Agency (USEPA) set the limit of 0.1 μ g·kg -1 ·d -1 as reference dose (RfD) for MeHg (USEPA, 1997). The major source of human exposure to MeHg is the consumption of /uniFB01 sh and marine mammals (Mergler et al., 2007). In /uniFB01 sh tissue, MeHg is attached to the thiol group of the cysteine residues in /uniFB01 sh protein (Harris et al., 2003), which are not removed and destroyed by cooking

⁎ Corresponding author at: State Key Laboratory of Environmental Geochemistry, Institute of Geochemistry, Chinese Academy of Sciences, 46 Guanshui Road, Guiyang, ",Other,4,11,47,0
4:a588b8f8-4a1b-4a79-8a1a-924958fc2820:17160,doc_03_Rice consumption contributes to low level methylmercury exposure in southern China," population.

There are clear differences in the pattern of rice and /uniFB01 sh consumption between urban and rural population as a result of income difference (Supporting information Table S3). As incomes rise, diets improve: the city dweller consumes signi /uniFB01 cantly less grain and more meat, /uniFB01 sh, fruits and vegetables than the rural counterpart (NBS, 2010).

## 4.3. Potential health risk

Overall, the average PDI of MeHg from rice and /uniFB01 sh consumption was below the guidelines for public health concerns. However, the 95th percentile PDI of MeHg from rice consumption for rural population in Hunan exceeded the RfD of 0.1 μ g·kg -1 ·d -1 for children and pregnant women established by the USEPA (1997), which indicated some subpopulations may be at potential risk of MeHg exposure.

Other high risk groups include residents in regions affected by point sources of Hg pollution.

For example, Zhang et al. (2010b) predicted that approximately 22,400 and 107,200 residents in Guizhou Hg mining areas were exposed to MeHg exceeding the JEFCA and USEPA guideline, respectively. Besides Hg mining areas, the population in the vicinity of hotspots of Hg pollution, such as amalgamation gold mining, chemical plant, metal smelting and coal combustion power plant, may be also at potential risk of MeHg exposure (Feng, 2004; Li et al., 2009).

The results of PDIs of MeHg from rice and /uniFB01 sh consumption (0.020 μ g·kg -1 ·d -1 for urban population and 0.028 μ g·kg -1 ·d -1 for rural population) were comparable with the previous report on MeHg exposure from /uniFB01 sh consumption in 12 provinces in China (0.006 μ g· kg -1 ·d -1 , Shang et al., 2010), US adult women (0.02 μ g·kg -1 ·d -1 , Mahaffey et al., 2004), Korean population (0.03 μ g·kg -1 ·d -1 , Lee et al., 2006), and Southeast Asia populations (0.027 -0.097 μ g·kg -1 ·d -1 , Agusa et al., 2007), but were lower than that reported in Japanese populations with high /uniFB01 sh consumption (0.14 μ g·kg -1 ·d -1 , Zhang et al., 2009). The results of this study con /uniFB01 rmed the low risk of human MeHg exposure through rice and /uniFB01 sh consumption in southern China, even serious environmental Hg pollution were found in China (Feng, 2004; Jiang et al., 2006; Zhang and Wong, 2007).

The low averages of hair THg concentrations (generally b 1 μ g/g) reported in /uniFB01 ve coastal sites (Shanghai, Ningbo, Dalian, Xiamen, and Zhoushan) in eastern China (Liu et al., 2008) also con /uniFB01 rmed our results in this study.

Because rice does not contain a lot of bene /uniFB01 cial micronutrients associated with /uniFB01 sh (e.g., n -3long-chain polyunsaturated fatty acid, selenium, the essential amino acids, Li et al., 2010a, 2010b), the current Reference Doses of MeHg exposures from /uniFB01 sh consumption may underestimate the health effects of MeHg exposure from rice consumption. It is urgent and critical to setup the dose -response relationship of MeHg exposure from rice consumption and to reduce the health risk in southern China.

## 5. Conclusions

Theaveragelevels of THg and MeHg in the rice samples collected from southern China were generally low.

But 12.7% of the rice samples had THg concentration exceeding the national limit. The general populations in southern China had low risk of MeHg exposure through rice and /uniFB01 sh consumption. However, rice consumption is still the main route of MeHg exposure for rural population in southern China.

## Acknowledgements

This research was /uniFB01 nanced by the Chinese Academy of Sciences through a knowledge innovation project (KZCX2-YW-135) and the National Natural Science Foundation of China (21007068).

## Appendix A. Supplementary data

Supplementary data to this article can be found online at http:// dx.doi.org/10.1016/j.envint.2012.08.006.

## References

Agusa T, Kunito T, Sudaryanto A, Monirith I, Kan-Atireklap S, Iwata H, et al. Exposure assessment for trace elements from consumption of marine /uniFB01 sh in ",Discussion,4,17,47,7
4:a588b8f8-4a1b-4a79-8a1a-924958fc2820:10188,doc_01_Dietary intake of minerals and trace elements in rice on the Jamaican market,"   |                            0.003  | 0.0002-100,000         |
| Cu        |                            0.77   | 0.77-250               |
| Eu        |                            0.001  | 0.0001-1000            |
| Fe        |                            3.1    | 0.17-100,000           |
| Hf        |                            0.0005 | 0.0001-100,000         |
| Hg        |                            0.015  | 0.01-100,000           |
| K         |                           36.1    | 36.1-5000              |
| La        |                            0.002  | 0.0009-100,000         |
| Mg        |                          100      | 11-100,000             |
| Mn        |                            0.03   | 0.03-250               |
| Mo        |                            0.05   | 0.01-100,000           |
| Na        |                            0.03   | 0.002-10,000           |
| P         |                           10      | 10-1000                |
| Rb        |                            0.13   | 0.05-10,000            |
| S         |                           10      | 10-1000                |
| Sb        |                            0.003  | 0.0005-100,000         |
| Sc        |                            0.0004 | 0.00002-100,000        |
| Se        |                            0.03   | 0.0007-100,000         |
| Sm        |                            0.0004 | 0.0001-10,000          |
| Sr        |                            1.48   | 0.4-100,000            |
| Th        |                            0.002  | 0.0007-10,000          |
| Ti        |                            4.1    | 1-100,000              |
| U         |                            0.001  | 0.0004-10,000          |
| V         |                            0.017  | 0.005-100,000          |
| Zn        |                            1      | 1-500                  |

such is monitored and/or regulated in many food types. The limit for cadmium in polished rice established by Codex is 0.4 mg/kg. The WHO has also suggested a PTWI of 0.007 mg/kg bw.

All rice sampled was well below the prescribed limit.

## 3.1.4. Mercury

The average mercury content of the white rice samples ranged from &lt; 0.015 to &lt; 0.085 mg/kg while the range for brown rice was &lt; 0.024 to &lt; 0.112 mg/kg. The mean values in white rice and brown rice were &lt; 0.049 mg/kg and &lt; 0.062 mg/kg respectively. Mercury has no known essentiality in humans and the toxic effects of mercury compounds and in particular methylmercury are well known.

Methylmercury poisoning through the ingestion of fish from industrially contaminated waters was the cause of mass poisoning in Minamata, Japan (Ekino et al., 2007). The symptoms of mercury poisoning range from the neurological to the renal, reproductive and cardiovascular systems and its effect on the nervous system of the developing fetus have been described (McDowell, 1992; Berry, 2008).

## 3.2.

Essential elements

## 3.2.1. Calcium

The calcium content of rice was generally low, with a mean concentration of 127 mg/kg among the white rice samples collected and 104 mg/kg in the brown rice. The concentration of calcium in white rice ranged from &lt; 24.6 to 425 mg/kg while the range in brown rice was 41.5-148 mg/kg. The calcium content of Zatarain's Parboiled was significantly higher than other samples at 425 mg/kg. Calcium is the most abundant mineral in the human body and is stored mostly in the bones and teeth. It is also essential

Table 3 Purchased rice samples.

| Purchased samples                      | Country of Origin                                   |
|----------------------------------------|-----------------------------------------------------|
| Bulk Rice (White, long grain)          | Guyana                                              |
| Daawat Brown Rice                      | India                                               |
| Roland Arborio Rice                    | Italy                                               |
| ",Discussion,3,4,15,6
4:a588b8f8-4a1b-4a79-8a1a-924958fc2820:14120,doc_02_Characterization of mercury species in brown and white rice,"determined in brown and white rice grains following EPA Method 3050b (USEPA,1996).

All elements were analyzed using /uniFB02 ame atomic absorption spectrometry (AAS, Model 5100 PC, Perkin Elmer, Inc., Waltham, USA), aside from Ni, which was analyzed by inductively coupled plasma mass spectrometry (GV Instruments, Cheshire, UK).

## 2.2.6. QA/QC

HgT, MeHgand other trace elements were quanti /uniFB01 edusingdaily calibration curves with the coef /uniFB01 cient of variation ( r 2 ) &gt; 0.99. The minimum detection levels (MDLs) for HgT and MeHg were estimated from the region of the standard curve where there was a signi /uniFB01 cant change in sensitivity (40 CFR, Appendix B to Part 136, De /uniFB01 nition and Procedure for Determination of the Method Detection Limit).

MDLs for trace elements (Mg, K, Mn, Zn, Cu, and Ni) were based on instrument aqueous detection levels, corrected for the total volume (50 mL) and the mass of rice digested (1 g). MDLs, percent recovery of matrix spikes and standard reference material, and relative percent difference between replicate analyses (RPDs) are summarized in Table 1.

## 2.3.

Statistics

The statistical program, Stata, was used for unpaired t -tests and one-way analysis of variance (ANOVA), and tests were considered signi /uniFB01 cant at the 95% alpha-level. Due to the small sample size, interpretation of p -values is cautionary.

## 3.

Results and discussion

## 3.1. Aqueous HgT and MeHg concentrations

Mean un /uniFB01 ltered and /uniFB01 ltered aqueous HgT and MeHg levels in sites 1 e 3 (Table S1) were similar to mean values reported for background sites in eastern Guizhou province (un /uniFB01 ltered HgT 2.2 e 18 ng/L, /uniFB01 ltered HgT 0.89 e 5.3 ng/L from this study; un /uniFB01 ltered HgT 8.4 e 13 ng/L, /uniFB01 ltered HgT 3.7 e 5.2 ng/L from Zhang et al., 2010b; un /uniFB01 ltered MeHg 0.47 e 0.50 ng/L, /uniFB01 ltered MeHg 0.077 e 0.46 ng/L from this study; un /uniFB01 ltered MeHg 0.32 ng/L, /uniFB01 ltered 0.14 ng/L from Zhang et al., 2010c). For the present study, highest un /uniFB01 ltered aqueous MeHg levels were observed in the canal (site 1: 0.47 ng/L; site 2: 0.50 ng/L; site 3: 0.50 ng/L and canal: 3.6 ng/L), located downstream from a cooking oil factory and between sites 1 and 2 (Fig. 1). Although water from the canal may be a source of MeHg to the rice paddies in site 2, un /uniFB01 ltered aqueous MeHg levels collected within each site were similar (see Section 3.4).

## 3.2. HgT and MeHg concentrations in rice plants

HgT and MeHg concentrations for rice plants harvested in July and September are shown in Figs. 2 and 3.

In both months, mean leaf HgT levels were similar or higher than root HgT levels, which suggested stems were not the only source of HgT to the leaves. Findings were consistent with previous research that demonstrated leaf HgT was mainly accumulated from the atmosphere and not the roots (Ericksen et al., 2003; Rea et al., 2002; Stamenkovic and Gustin, 2009; Zhang et al., 2010d).

In July leaf HgT levels were signi /uniFB01 cantly higher in site 1 compared to sites 2 and 3 (ANOVA, p &lt; 0.05, n ¼ 6) (site 1: 300 /C6 47 ng/g, site 2: 42 /C6 12 ng/g, site 3: 52 /C6 24 ng/g). Site 1 was located downwind from a cooking oil factory emitting pollution from a smokestack at the same time rice plants were collected, although atmospheric Hg was not measured. Site 2 was located upwind from the factory and Site 3 was further downwind (Fig. 1). The mean HgT value for leaves at site 1 (300 ng/g) was derived from rice plants collected in 2 paddies (leaf HgT paddy 1: 270 /C6 14 ng/g, n ¼ 2 replicates; leaf HgT paddy 2: 330 /C6 90 ng/g, n ¼ 4 replicates). In contrast to July, leaf HgT levels in September were similar at all 3 sites (one-way ANOVA, p &gt; 0.05, n ¼ 6), which suggested HgT was not stored between July and September in the leaves. Instead, inorganic Hg(II) was possibly reemitted to the atmosphere from the leaves (Graydon et al., 2006; Stamenkovic and ",Introduction,3,3,0,2
4:a588b8f8-4a1b-4a79-8a1a-924958fc2820:14124,doc_02_Characterization of mercury species in brown and white rice,"grain and soil sample was included from the Wanshan Hg mining area (soil data from Meng et al., 2010), where the rice paddy was continuously /uniFB02 ooded under 4 e 5 cm of standing water. The coef /uniFB01 cients of variation ( r 2 ) between polished rice grain and root-soil for HgT and MeHg were 0.97 and 0.87, respectively (all variables were log-transformed, n ¼ 7, p &lt; 0.05 for both). However, the slopes between white rice and root-soil for HgT and MeHg differed; for HgT the slope was 0.64, while the slope for MeHgwas1.3(Fig. 5). When the Wanshan observationwas excluded, polished white rice and root-soil HgT and MeHg were still highly correlated: r 2 ¼ 0.75 and 0.79, respectively (all variables were not log-transformed, n ¼ 6, p &lt; 0.05 for both, /uniFB01 gures not shown).",Results,3,3,0,6
4:a588b8f8-4a1b-4a79-8a1a-924958fc2820:16970,doc_03_Rice consumption contributes to low level methylmercury exposure in southern China,"## a r t i c l e i n f o

## a b s t r a c t

Article history:

Received 5 June 2012

Accepted 13 August 2012

Available online 1 September 2012

Keywords:

Rice

Total mercury

Methylmercury Probable daily intake

Contribution

Southern China

Fish consumption is considered as the primary pathway of human methylmercury (MeHg) exposure. However, recent studies highlighted that, rice, rather than /uniFB01 sh, is the main route of human MeHg exposure in Guizhou, inland China. China is considered as the largest anthropogenic source of mercury (Hg) emission in the world, which has led to serious environmental Hg pollution.

But there are no comprehensive studies regarding this environmental health problem to evaluate human Hg exposure and associated health effects. This study aimed to estimate daily MeHg intake and health risk in 7 provinces in southern China, and to assess the relative contribution from rice and /uniFB01 sh consumption. The average levels of total mercury (THg) and MeHg in rice samples were generally low at 10.1 ng·g -1 and 2.47 ng·g -1 , respectively. But a total of 36 rice samples (12.7%) had THg concentration exceeding the national limit (20 ng·g -1 ). Generally, rural population had signi /uniFB01 cantly higher Probable Daily Intakes (PDIs) of MeHg than urban population from rice consumption and its relative contribution to MeHg exposure increased signi /uniFB01 cantly from coastal to inland area. The averages of PDIs of MeHg were 0.020 μ g·kg -1 ·d -1 and 0.028 μ g·kg -1 ·d -1 for urban and rural population in southern China, respectively. Despite the serious environmental Hg pollutions in China, the general population in southern China had low risk of MeHg exposure. But rice is an important route of human MeHg exposure in southern China, especially for the rural population in inland area. The /uniFB01 ndings indicate that rice consumption should be considered when evaluating MeHg exposure in rice eating population in southern China.

## 2.2. Analytical method

In the laboratory, the rice samples were air dried, crushed, and sieved to 150 meshes. For total mercury (THg) analysis, rice samples were digested in a water bath (95 °C) with a fresh mixed acid of HNO3:H2SO4 (4:1, v/v) (Horvat et al., 1991) and determined by SnCl2 reduction, purge, gold trap, and cold vapor atomic /uniFB02 uorescence spectrometry (CVAFS) detection according to USEPA Method 1631 (USEPA, 1999).

For MeHg measurement, rice samples were digested using the KOH-methanol/solvent extraction technique (Liang et al., 1994, 1996) and measured by aqueous ethylation, purge, trap, and gas chromatography (GC) coupled with CVAFS detection according to USEPA Method 1630 (USEPA, 2001). Detail information of quality control is available in the Supporting information.

## 2.3. Calculation of PDI and relative contribution

To estimate MeHg intake from rice and /uniFB01 sh consumption, we calculated PDI values for the general adult in these 7 provinces according to the following formula (1):

<!-- formula-not-decoded -->

where PDI is given in micrograms per kilogram of body weight per day ( μ g·kg -1 ·d -1 ); bw (body weight)=60 kg; C is MeHg concentration in rice or /uniFB01 sh (ng·g -1 ); IR is daily intake rate (g·d -1 ).

Fig.

1. The spatial location of different provinces for rice sampling in southern China.

<!-- image -->

The speci /uniFB01 c PDIs for each province were calculated using the mean of MeHg concentrations in the rice or /uniFB01 sh collected in this speci /uniFB01 c area. The rice MeHg concentrations in these 7 provinces were obtained through this investigation, while the /uniFB01 sh MeHg concentrations in these 7provinces were based on the data from literature (Fu et al., 2010; He et al., 2010; Shang et al., 2010; Shao et al., 2011). The /uniFB01 sh MeHg data of Guangdong province was based on Shang et al. (2010), which include 122 /uniFB01 sh samples collected from 18 /uniFB01 sh ponds from six cities in this province. The ",Results,3,3,0,0
4:a588b8f8-4a1b-4a79-8a1a-924958fc2820:16971,doc_03_Rice consumption contributes to low level methylmercury exposure in southern China,"The /uniFB01 sh MeHg data of Guangdong province was based on Shang et al. (2010), which include 122 /uniFB01 sh samples collected from 18 /uniFB01 sh ponds from six cities in this province. The /uniFB01 sh MeHg concentrations of Shanghai, Guangxi, Jiangxi and Jiangsu province were adopted from the fourth Chinese Total Dietary Study (TDS) carried out in 2007. The /uniFB01 sh MeHg concentrations of Hunan province were based on 73 /uniFB01 sh Hg data from Fu et al., 2010, which was on the assumption that 70% of Hg in /uniFB01 sh is in the form of MeHg. The /uniFB01 sh MeHg concentrations of Guizhou province were adopted from He et al. (2010), which consisted of 70 /uniFB01 sh MeHg data from Hongfeng Reservoir. The /uniFB01 sh MeHg data in these 7 provinces are representative to perform risk assessment.

The daily intake rates of rice and /uniFB01 sh for urban and rural population were adopted from of /uniFB01 cial data in the section of ' People's Living Conditions ' in China Statistical Yearbook (NBS, 2010). The urban and rural population is divided by the Chinese household registration system, which was developed in the 1950s to control the /uniFB02 ow of people. There is a wide gap between the wealth of the countryside and the booming cities, with the income of rural residents less than a third of that of urban residents (Table S1). Strati /uniFB01 ed random sampling method was used in the national survey, and the sample size was 65,000 households in urban area, which cover big cities, small cities and counties. Rural Household Survey network distributed in 7100 villages in the country and it included more than 68,000 sampling households.

The error was less than 3% in the national survey.

Theaveragebodyweightof60 kgfor adult population was according to the second National Physique Monitoring Bulletin (GASC, 2005). It is assumedthat there are no losses of MeHg during cooking processes both for rice (Li et al., 2010a, 2010b) and /uniFB01 sh (Harris et al., 2003).

We hypothesize that rice and /uniFB01 sh consumption are two sources of human MeHg exposure in southern China. According to the PDIs of MeHg from rice and /uniFB01 sh consumption, the relative contributions were calculated to assess the main pathway in urban and rural population in these 7 provinces.

## 2.4. Data analysis

All data were analyzed using SPSS 11.5 for windows.

The characteristics of Hg concentrations were described in mean±standard deviation (SD) and examined using descriptive statistics. Mean values of rice Hg concentrations were compared between different provinces using t test. The correlation coef /uniFB01 cients between rice THg and MeHg concentrations were studied by the Pearson correlation analysis. The results of statistical tests were considered statistically signi /uniFB01 cant if p b 0.05.

## 3.

Results

## 3.1. Hg in rice and /uniFB01 sh

The THg concentrations in all rice samples ranged from 0.86 to 47.2 ng·g -1 with a mean of 10.1 ng·g -1 . The MeHg concentrations in all rice samples varied from 0.13 to 18.2 ng·g -1 with a mean of 2.47 ng·g -1 . The MeHg constituted a large proportion of THg in the rice grain, with an average of 35.8% (1.70 -96.7%). There was a signi /uniFB01 -cant correlation between THg and MeHg concentrations in rice samples (r=0.36, p b 0.01). In addition, the percentage of Hg as MeHg in rice was negatively correlated to the THg concentrations (r= -0.55, p b 0.001).

The average concentrations among rice collected from different provinces varied from 3.60 to 20.1 ng·g -1 for THg (Fig. 2) and from 1.76 to 3.33 ng·g -1 for MeHg (Table 1, Fig. 3). The comparisons between Hg concentrations in the rice samples collected from these 7 provinces in southern China are shown in Fig. 2 for THg and Fig. 3 for MeHg. The THg concentrations in rice samples collected from Guangdong, Hunan, Guizhou, Jiangsu, Guangxi, and Jiangxi were signi /uniFB01 cantly higher than that from Shanghai City. The MeHg concentrations in rice samples ",Methods_Materials,3,3,0,1
4:a588b8f8-4a1b-4a79-8a1a-924958fc2820:9891,doc_01_Dietary intake of minerals and trace elements in rice on the Jamaican market,"               |
|                               | Se        | INAA             |   4 |                    0.25  | 0.22                      | 0.18-0.26                   |
|                               | Sm        | INAA             |   4 |                    0.093 | 0.106                     | 0.092-0.120                 |
|                               | Sr        | INAA             |   4 |                   10.1   | 9.3                       | 8.2-10.4                    |
|                               | Th        | INAA             |   4 |                    0.15  | 0.14                      | 0.12-0.16                   |
|                               | V         | INAA             |   4 |                    1.54  | 1.47 a                    | 1.25-1.69                   |

F-AAS: flame atomic absorption spectrophotometry; IAEA: International Atomic Energy Agency; ICP-OES: Inductively Couple Plasma Optical Emission Spectroscopy; INAA: instrumental neutron activation analysis; NIST: National Institute of Standards and Technology; TXRF: total reflection X-ray fluorescence; n : number of subsamples; na: not applicable.

- a Information value.

b It should be noted that the confidence interval for the reference value was calculated from the combination of the standard deviation of the mean value and an additional 5% to account for any variation due to sample inhomogeneity.

The Student's t -test showed the mean values for Ce ( p value = 0.011), Cr (0.042), Cu (0.001), K ( &lt; 0.0001), Mg ( &lt; 0.0001), Mn ( &lt; 0.0001), Na (0.013), P ( &lt; 0.0001), Rb (0.035), S (0.032), Sr (0.0002), Th (0.007), V (0.013) and Zn ( &lt; 0.0001) to be significantly different in brown and white rice at the 95% confidence interval.

## 3.1.2. Arsenic

## 3.1.

Toxic elements

## 3.1.1. Aluminum

The range of values for aluminum in white rice was 6.1023.4 mg/kg while the range for brown rice was 7.40-43.0 mg/kg. The mean values for white and brown rice were 9.30 and 14.7 mg/ kg, respectively. The maximum value of 43.0 mg/kg was found in the brown basmati rice brand. The bulk rice had 23.4 mg/kg and a brand of long grained parboiled rice had 15.6 mg/kg. A diet high in rice would not be expected to expose humans to toxic levels of aluminum, but it is of note that the preference in the Jamaican diet is bulk rice which has the second highest quantity of Al in the survey. Aluminum has not been shown to perform any essential function in humans (McDowell, 1992). There has been growing evidence of toxicity however and the World Health Organization revised the Provisional Tolerable Weekly Intake (PTWI) from 7 mg/ kg of body weight to 1 mg/kg of body weight in 2006 based on the conclusions that levels lower than the previous PTWI (Provisional Tolerable Weekly Intake) may affect the developing nervous and reproductive systems (JECFA, 2007). There have been several studies linking an accumulation of aluminum in the brain and Alzheimer's disease but no causal relationship has as yet been established (Frisardi et al., 2010).

The arsenic content of the white rice samples had a range of 0.110-0.487 mg/kg, while the range for brown rice was 0.0820.250 mg/kg. The mean arsenic content of the white rice samples was 0.20 mg/kg, and 0.165 mg/kg for brown rice. The highest sample measured, Roland Arborio rice from Italy, contained 0.49 mg/kg of arsenic. The likely source of arsenic is the water with which the paddies are flooded. Some arsenic compounds are used in herbicides and fungicides. A limit for arsenic in rice has not been established by CODEX; however the WHO has established a PTWI of 0.015 mg/kg bw for inorganic arsenic. Chronic arsenic overexposure results in clinical manifestations in almost every system of the body.

Arsenic in groundwater has been well publicized because of the elevated levels found in some countries (Chowdhury et al., 2000). Arsenic in foods occurs predominantly as non-toxic arsenobetaine and arsenocholine which are excreted ",Results,2,2,0,3
4:a588b8f8-4a1b-4a79-8a1a-924958fc2820:10201,doc_01_Dietary intake of minerals and trace elements in rice on the Jamaican market,"ice, a diet with sufficient protein should provide adequate sulfur. Organic sulfur compounds have a low degree of toxicity (Parcell, 2002) and since protein is the major source of sulfur a deficiency of this element is likely a protein deficiency.

The daily intake of aluminum from rice is estimated to be highest from bulk rice, with 16.7% of the PTWI for males and 17.9% of the PTWI for females. The estimated contribution from arsenic is highest from the mean concentration for white rice, and is 9.5% of the PTWI for males and 10.2% of the PTWI for females. The greatest contribution from cadmium is 8.4% of the PTWI for males and 9.0% for females, estimated from mean brown rice concentration. The highest estimate for mercury intake is obtained from brown rice, at 11.1% of the PTWI for males and 12.0% for females.

Although none of these numbers exceed the PTWI it is noteworthy that these estimates are only for rice consumption.

Contributions to the PTWI of these toxic elements from other food sources and drinking water will need to be considered to give a more robust picture of dietary exposure. The contribution of aluminum from bulk rice is of particular concern as it is the most widely consumed brand of rice in Jamaica. It can be argued that the PTWI estimates for Cd and Hg represent what is likely the maximum exposure based on the detection limits of the technique applied and that the actual intake of these elements may be lower.

## 3.5. Rice from local field trial

Jamaica's Ministry of Agriculture and Fisheries has undertaken field trials of rice over the past few years.

As recently as January 2009, there were nine varieties of rice being compared for yield, time to maturity and nutritive value. The test sample analyzed for this work represented a composite sample of Prosequisa 4, a Dominican variety, being tested at the Amity Hall farms in the parish of St. Catherine.

The levels of many of the elements in the rice from the local field trial are not remarkable, either in that they would not contribute significantly to dietary intake, or they do not deviate much from the mean values obtained for all samples. Of note however are Ag, Cu and Se; of all the samples analyzed, the Jamaican-grown rice contains the highest levels of these elements. The local rice also contains the second highest levels of Co, Mo and Zn. The lowest levels of As and Br were also detected in this sample. While the high level of Zn found in the local rice cannot at this time be related to the high blood levels found in Jamaica (as it is not yet commercially available), it may be related to the considerable levels of Zn in Jamaican soils, which have a mean Zn content of 205 mg/kg (Lalor, 1996).

For many elements, including S, Ca, P, Zn, Cu, Na and Se, the content of the Jamaican rice was higher than that of white rice samples collected, and higher than the mean value found in brown rice samples in this survey. The experimental Jamaican brown rice had 3705 mg/kg of phosphorus. Although when polishing occurs it can be expected that this number will be reduced significantly it may be prudent to consider phosphorus in prospective growing soils and the impact of phytic acid on mineral nutrition when selecting growing areas.

For several elements, including Br, As, Cr, Mo, Fe, Mn and Cd, the content of the Jamaican rice sample was markedly lower than the mean values found in both white and brown rice. The most profound discrepancy is seen in the Br value for white rice. Fe in the Jamaican rice sample may be lower due to enrichment of the commercial rice samples.

The lower values for As and Cd are encouraging given that some Jamaican soils are known to have naturally elevated levels of these elements (Lalor, 1996), but until further sampling from field trials can be done, no definite conclusions can be drawn.

## 4. Conclusions

While rice is considered to be one of the major staples consumed in Jamaica, the actual contribution to elemental nutrition may ",Discussion,2,6,32,19
4:a588b8f8-4a1b-4a79-8a1a-924958fc2820:14370,doc_02_Characterization of mercury species in brown and white rice,"olished brown rice were enriched 9.6 e 35 times compared to other agricultural products (corn, wild greens, cabbage, tobacco) (rice: 25.3 ng/g; other crops: 0.721 e 2.63 ng/g, from Qiu et al., 2008), and this disparity was likely due to cultivation of rice under standing water.

Rice is not an aquatic plant, although it has been grown under /uniFB02 ooded conditions for over 5000 years (Bindraban et al., 2006). Historically, /uniFB02 ooded paddies ensured water availability during periods of drought, increased nitrogen /uniFB01 xation, increased phosphorous levels, and minimized competition from weeds and soilborne pathogens (Bindraban et al., 2006). However, water scarcity in Asia due to rapid urbanization and industrialization has prompted agricultural managers to develop rice cultivation methods utilizing less water (Bindraban et al., 2006; Li, 2006). The most widely employed method in China is safe alternating wetting and drying (AWD) (Li and Barker, 2004), where ' safe ' refers to a reduction in freshwater use without compromising rice yields (Bouman et al., 2007). Safe AWD is characterized by mid-season drainage 2 e 3 weeks before panicle initiation, then intermittent irrigation of the paddy soil through the milk ripening stage, each time allowing the water to dry below the soil surface before re/uniFB02 ooding (Bouman and Tuong, 2001; Bouman et al., 2007; Dong et al., 2004). Complete water drainage results in more aerobic conditions in the bulk soil,

which likely reduces anaerobic microbial activity and may decrease MeHg levels in rice. In China, approximately 40% of rice farmers employ some version of AWD (Li and Barker, 2004).

In 2009, total mercury (HgT) and MeHg in water, soil, rice plants, and rice grain were compared between three neighboring sites in Hubei province, southern China, where AWD was applied. Two sites were located downwind from a factory that produced cooking oil, and one site bordered a constructed wetland (Fig.

1). The primary objective was to document the translocation of Hg species from the soil and roots to the aerial portions of the plant, including the endosperm (i.e., polished white rice). To the best of our knowledge, this is the /uniFB01 rst study to report Hg species in both brown and white rice grain. Results were compared with concentrations of other macronutrients (magnesium, Mg; and potassium, K) and micronutrients (manganese, Mn; zinc, Zn; copper, Cu; and nickel, Ni) in rice grain, and with HgT and MeHg concentrations in rice grain harvested from Guizhou province, China, where water was stored in the rice paddy during the entire rice-growing season.

## 2.

Methods

## 2.1. Locations and sampling approach

Sites 1, 2, and 3 were located near the village of Tuanlin, within the Zhanghe Irrigation District, a major rice producing area in Hubei province, southern China, covering 160,000 ha (Fig. 1). AWD irrigation methods were employed at all three sites, but varied within each site. Site 1 was located at Tuanlin Experimental Station, managed by Wuhan University for /uniFB01 eld-testing water-saving irrigation methods in rice paddies (for detailed description see Dong et al., 2004). Site 2 was located

Fig. 1. a) Map of China, including Hubei province and Guizhou province; b) orientation for sites 1 e 3 in Hubei province, 2 paddies in each site. A constructed wetland bordered the rice paddies in site 2.

<!-- image -->

<!-- image -->

downstream from site 1 while site 3 was located upstream, both within a 15-min walking distance from site 1 (Fig. 1). In 2009, similar irrigation methods were practiced in sites 1 and 3 due to a drought; i.e., drier conditions between panicle initiation and milk ripening (notes for sites provided by Bin Dong, personal communication). Paddies in site 2 were located near a constructed wetland planted with cattails, reeds and water peanut, designed to /uniFB01 lter agricultural water, which was pumped back into the rice /uniFB01 elds through a series of ",Introduction,2,5,32,1
4:a588b8f8-4a1b-4a79-8a1a-924958fc2820:14121,doc_02_Characterization of mercury species in brown and white rice," which suggested HgT was not stored between July and September in the leaves. Instead, inorganic Hg(II) was possibly reemitted to the atmosphere from the leaves (Graydon et al., 2006; Stamenkovic and Gustin, 2009), or transported to other plant components, or exuded from the roots to the soil (Marschner, 1995).

## Table 1

QA/QC data for HgT, MeHg and other trace elements. The minimum detection levels (MDLs) for HgT and MeHg were estimated from the region of the standard curve where there was a signi /uniFB01 cant change in sensitivity. MDLs for other trace elements were based on instrument aqueous detection levels, which were corrected for the total volume (50 mL) and the mass of rice digested (1 g).

The relative percent difference (RPD) was de /uniFB01 ned as the percent difference between replicate analyses (i.e., 100 /C2 the standard deviation divided by the mean).

| Parameter   | Matrix                             | Average recovery /C6 1sd (%)                 | Reference material                                                                                     | MDL                              | Average RPD (%) ( n ¼ # of samples)      |
|-------------|------------------------------------|----------------------------------------------|--------------------------------------------------------------------------------------------------------|----------------------------------|------------------------------------------|
| Hg T        | Surface water Rice and plants      | 100 /C6 2.9 85 /C6 7.6 92 /C6 11 85 /C6 0.56 | Matrix spike Cabbage: GBW10014 (GSB-5) Lobster: Tort-2 Soil: GBW (e) 070009 Sediment: GBW07305 (GSD-5) | 0.71 ng/L 1.2 ng/g               | 4.8 a ( n ¼ 76) a 12 ( n ¼ 66)           |
| MeHg        | Surface water Rice and plants Soil | 92 /C6 18 99 /C6 34 95 /C6 20                | Matrix spike Matrix spike Sediment: BCR 580                                                            | 0.056 ng/L 0.075 ng/g 0.075 ng/g | 32 a ( n ¼ 8) a 24 ( n ¼ 30) 25 ( n ¼ 3) |
| Mn          | Rice                               | 110 /C6 2.1                                  | Rice: GBW10010 (GSB-1)                                                                                 | 0.075 m g/g                      | 5.3 ( n ¼ 5)                             |
| Mg          | Rice                               | 86 /C6 5.7                                   | Rice: GBW10010 (GSB-1)                                                                                 | 0.0075 m g/g                     | 7.8 ( n ¼ 5)                             |
| K           | Rice                               | 120 /C6 1.4                                  | Rice: GBW10010 (GSB-1)                                                                                 | 0.15 m g/g                       | 3.8 ( n ¼ 5)                             |
| Cu          | Rice                               | 88 /C6 0.83                                  | Rice: GBW10010 (GSB-1)                                                                                 | 0.075 m g/g                      | 7.2 ( n ¼ 5)                             |
| Zn          | Rice                               | 110 /C6 7.1                                  | Rice: GBW10010 (GSB-1)                                                                                 | 0.075 m g/g                      | 4.0 ( n ¼ 5)                             |
| Ni          | Rice                               | 97 /C6 13                                    | Rice: GBW10010 (GSB-1)                                                                                 | 0.025 m g/g                      | 27 ( n ¼ 5)                              |

a RPD for aqueous HgT and MeHg represented values for samples run at the same time, since there was insuf /uniFB01 cient volume for duplicate analyses for samples collected for this study.

Fig.

2. HgT levels in plant components collected in a) July (root, stems, and leaves) and b) ",Results,2,2,0,3
4:a588b8f8-4a1b-4a79-8a1a-924958fc2820:9889,doc_01_Dietary intake of minerals and trace elements in rice on the Jamaican market,"spectroscopy was performed using an Ortec High-Purity germanium coaxial gamma photon detector system with an efficiency of 71% and a resolution of 1.8 keV at the 60 Co 1332 keV gamma line. Long lived radioisotopes were counted on an EG&amp;G Ortec High-Purity Germanium detector with an efficiency of 20% and a resolution of 1.9 keV at the 60 Co 1332 keV gamma line.

Ag, Al, As, Ba, Br, Ca, Cd, Ce, Co, Cr, Cs, Eu, Fe, Hf, Hg, La, Mg, Na, Rb, Sb, Sc, Se, Sm, Sr, Th, Ti, U, V were analyzed by INAA; B, Cu, Mn were analyzed by ICP-OES; Zn by F-AAS and P and S by

Student's t -test was done to determine statistical between data for brown and white rice samples, using in Microsoft Excel 2007.

Mo, K, TXRF.

significance XLSTAT2011

Dietary intake estimates were calculated assuming a body weight of 70 kg for males and 65 kg for females, and an average per capita consumption of rice by Jamaicans estimated at 71.2 g/day, based on a rice supply quantity of 26.0 kg/person/year (FAOSTAT, 2007).

## 2.1. Quality control

Approximately 10% of the samples were analyzed in duplicate, with the differences between duplicates being less than 15%; at least one reagent blank and a certified reference material were also included in each analysis batch.

Reference materials used were NIST (National Institute of Standards and Technology, MD, USA) 8436 -Durum Wheat Flour, NIST 1568a -Rice Flour, NIST 1547 -Peach Leaves, NIST 1570a -Spinach Leaves, and IAEA (International Atomic Energy Agency, Vienna, Austria) 336 -Lichen. Reference material data are presented in Table 1.

For most elements the relative standard deviation of duplicate analyses was less than 10%, with a few (Al, Mo, S, U) having RSD between 10 and 20%; elements with RSDs greater than 20% were those which approached the detection limit of the technique (Ca, V, Ba, Sb, Sm). The agreement between techniques was excellent. Recovery for all reference materials used (were within acceptable limits of /C6 15%.

Reference values were not available for B, Hf, Mo, and Ti in any appropriate reference materials. For B analysis by ICP-OES, the data was validated by the use of the internal standards (Sc, Y) and an independent B standard solution; the mean recovery was 95%. For the remaining elements, analyzed by INAA, validation was achieved by the irradiation and counting of single element standards (Certiprep) with identical geometry to that used for samples (Grant et al., 1998) employing the improved relative standardization method (Kennedy and St-Pierre, 1993). Recoveries were 96%, 95% and 98% for Hf, Mo and Ti respectively. The linear range for elements analyzed using F-AAS, ICP-OES and TXRF is low mg/kg to 10 3 mg/kg in the samples. Digested samples which were beyond the linear range were diluted to fall within the linear range and reanalyzed. The linear range for INAA is low m g/kg to 10 4 mg/kg. Detection Limits and linear ranges are shown in Table 2; INAA detection limits may vary (Howe et al., 2005).

## 2.2. Samples

The rice brands and types purchased are listed in Table 3.

## 3. Results and discussion

Twenty-six (26) rice samples were analyzed for a total of 36 elements. The analytical data are summarized in Table 4.

Table 1 Reference material data.

| Reference material            | Element   | Technique used   |   n |   Analyzed value (mg/kg) | Reference value (mg/kg)   | 95% confidence interval b   |
|-------------------------------|-----------|------------------|-----|--------------------------|---------------------------|-----------------------------|
| NIST 1547 - Peach Leaves      | Al        | INAA             |   2 |                  254     | 249 /C6 8                 | na                          |
| NIST 1547 - Peach Leaves      | Ba        | INAA             |   2 |                  121     | 124 /C6 4                 | na                          |
| NIST 1547 - Peach Leaves      | Ca        | INAA             |   2 |                    1.54  | 1.56 /C6 0.02             | ",Methods_Materials,1,1,0,1
4:a588b8f8-4a1b-4a79-8a1a-924958fc2820:14118,doc_02_Characterization of mercury species in brown and white rice,"<!-- image -->

## Contents lists available at ScienceDirect

## Environmental Pollution

j o urnal homepage: www.elsevier.com/locate/envpol

<!-- image -->

## Characterization of mercury species in brown and white rice ( Oryza sativa L.) grown in water-saving paddies

Sarah E. Rothenberg a, * , Xinbin Feng a, * , Bin Dong b , Lihai Shang a , Runsheng Yin a , Xiaobo Yuan c a State Key Laboratory of Environmental Geochemistry, Institute of Geochemistry, Chinese Academy of Sciences, 46 Guanshui Lu, Guiyang 550002, PR China

- b State Key Laboratory of Water Resources and Hydropower Engineering Science, Wuhan University, Wuhan 430072, PR China

c College of Resources and the Environment, Southwest University, Chongqing 400716, PR China

Methylmercury was more ef /uniFB01 ciently translocated to the endosperm than inorganic mercury.

Concentrations of HgT and other trace elements were signi /uniFB01 cantly higher in unmilled brown rice ( p &lt; 0.05), while MeHg content was similar ( p &gt; 0.20), indicating MeHg in /uniFB01 ltrated the endosperm (i.e., white rice) more ef /uniFB01 ciently than inorganic Hg(II).

Samples from all three sites were collected on July 30 e 31, 2009, when rice plants were in the mid-reproductive stage (i.e., booting, when the hull was formed but not yet /uniFB01 lled), and on September 5, 2009, when paddy /uniFB01 elds were dried and mature rice grain was within 10 days of harvest. Within each site, two neighboring paddies were sampled in July and September. In site 3, a different pair of paddies was sampled in September, since rice grain from paddies sampled in July was already harvested. In each paddy /uniFB01 eld, the study area was limited to approximately 15 /C2 8 m, although each paddy was several times larger (e.g., site 1: 85 /C2 8 m; site 2: 38 /C2 15 m, site 3: 30 /C2 90 m). In July and September, two individual plants were collected and composited from each rice paddy ( n ¼ 6 paddies) for analysis of rootsoil, root, stem, leaf, and rice grain.

In July, one composite soil sample was collected from 4 points within the study area of each rice paddy, and in September, one composite sample of rice grain was harvested from 10 plants within each study area. Spatial variability for HgT and MeHg is likely within the rice paddy; therefore, composite samples were collected (for soil in July, and for rice grain in September) to compare with root-soil and rice grain from individual plants, collected in July and September, respectively. In September, a surface water sample (used for irrigation) was collected within each site near the paddies, and in the canal downstream from the cooking oil factory between sites 1 and 2 (Fig. 1).

In September 2009, one rice sample was collected near Wanshan, in eastern Guizhou province, China, where traditional /uniFB02 ooded irrigation methods were practiced (Fig. 1).

## 2.2. Laboratory methods

## 2.2.1. Sample preparation and preservation

In July, rice samples (roots, stems, leaves, and seeds) were rinsed with Milli-Q H2O, air-dried for 2 weeks, then freeze-dried and ground for analysis.

In September, rinsed rice samples (roots, stems, and leaves) were air-dried for about 2 months and then ground for analysis. The stainless steel grinder was cleaned with ethanol after each sample to avoid cross-contamination. In September, aqueous samples were collected in 100 mL borosilicate bottles, which were acid-cleaned (20% HNO3) and rinsed with Milli-Q H2O, followed by heating in an oven at 550 /C14 C to thermally desorb Hg. Filtered (0.22 m M) and un /uniFB01 ltered aqueous samples were immediately acidi /uniFB01 ed to 0.5% HCl at Tuanlin Experimental Station, and stored in a dark refrigerator (4 /C14 C). Soil samples were collected in acid-cleaned plastic tubes and frozen at Tuanlin Experimental Station. All samples were transported back to the Institute of Geochemistry in Guiyang ( &lt; 1 day of travel), where soil samples (for HgT and MeHg analysis) and 45 mL aliquots ",Results,1,1,0,0
4:a588b8f8-4a1b-4a79-8a1a-924958fc2820:14122,doc_02_Characterization of mercury species in brown and white rice,"since there was insuf /uniFB01 cient volume for duplicate analyses for samples collected for this study.

Fig.

2. HgT levels in plant components collected in a) July (root, stems, and leaves) and b) September (roots, stems, leaves and grain) for site 1 Tuanlin (white), site 2 Downstream (black) and site 3 Upstream (gray). Results represent the mean ( /C6 1sd) from rice plants collected from 2 paddies within each site.

<!-- image -->

MeHg levels were highest in rice grain (Fig. 3) and %MeHg (of HgT) was also highest in rice grain (white: 40 e 43%; brown: 26 e 36%) compared to roots, stems and leaves (range: 1.0 e 4.7%) (Table 2, Table S1). HgT and MeHg bioaccumulation factors (BAFs) were calculated as the ratio between the concentrations of HgT and MeHgin rice grain and root-soil (Table 2). For brown and white rice grain, HgT BAFs ranged from 0.018 e 0.072 and 0.016 e 0.053, respectively, while MeHg BAFs ranged from 1.4 e 2.0 and 1.5 e 1.8, respectively. There were no differences between HgT and MeHg BAFs for brown and white rice (paired t -test, p &gt; 0.10, n ¼ 6 pairs). The ratios of MeHg BAF and HgT BAF for brown and white rice were 26 e 76 and 29 e 110, respectively, which were comparable to the ratio for MeHg and inorganic Hg(II) BAFs reported for brown rice grain in the Wanshan Hg mining area, Guizhou province (0.71 e 50, from Zhang et al., 2010d).

Fig.

3. MeHg levels in root, stems, and leaves collected in a) July and b) roots, stems, leaves and grain collected in September for site 1 Tuanlin (white), site 2 Downstream (black) and site 3 Upstream (gray). Results represent the mean ( /C6 1sd) from rice plants collected from 2 paddies within each site.

<!-- image -->

## Table 2

Concentrations of trace elements from composite and individual plants at sites 1 e 3, including HgT, MeHg, %MeHg (of HgT) and other trace elements (Cu, K, Mg, Mn, Ni and Zn). Bioaccumulation factors (BAFs, unitless) were calculated as the ratio between rice grain and root-soil concentrations of Hg species ( n ¼ 4 per site).

| Rice fraction   | Trace element                                                                                                                     | Site 1 Tuanlin Station                                                                                                                          | Site 2                                                                                                                                     | Site 3                                                                                                                                     |
|-----------------|-----------------------------------------------------------------------------------------------------------------------------------|-------------------------------------------------------------------------------------------------------------------------------------------------|--------------------------------------------------------------------------------------------------------------------------------------------|--------------------------------------------------------------------------------------------------------------------------------------------|
| White rice      | Hg T (ng/g) MeHg (ng/g) % MeHg of Hg T Hg T BAF MeHg BAF MeHg BAF/Hg BAF                                                          | 3.6 /C6 0.33 1.3 /C6 0.52 43 /C6 13 0.024 /C6 0.0035 1.8 /C6 0.27 75 /C6 0.11                                                                   | Downstream 1.8 /C6 0.15 0.67 /C6 0.028 42 /C6 5.6 0.053 /C6 0.0021 1.5 /C6 0.84 29 /C6 15                                                  | Upstream 4.6 /C6 1.9 1.8 /C6 0.91 40 /C6 12 0.016 /C6 0.0051 1.7 /C6 0.18 110 /C6 26                                                       |
| Brown rice      | Hg T (ng/g) MeHg (ng/g) % MeHg of Hg T Hg T BAF MeHg BAF MeHg BAF/Hg T BAF Cu ( m g/g) K (mg/g) Mg (mg/g) Mn ( m g/g) Ni ( m g/g) | 3.5 /C6 0.50 1.2 /C6 0.36 34 /C6 5.6 0.024 /C6 0.0023 1.5 /C6",Results,1,1,0,4
4:a588b8f8-4a1b-4a79-8a1a-924958fc2820:17155,doc_03_Rice consumption contributes to low level methylmercury exposure in southern China," rice samples ( Oryza sativa L.) were collected in 2007 from markets in urban area or residents' house in rural area in 7 provinces in southern China, which include 4 coastal area: Guangdong ( n =47), Shanghai ( n =34), Jiangsu ( n =26), Guangxi ( n =38) and 3 inland areas: Hunan ( n =78), Jiangxi ( n =30), and Guizhou ( n =31).

Generally, the urban residents purchase rice from the market and the rural residents plant rice by themselves and can be self-suf /uniFB01 cient. The spatial distribution is given in Fig.

1 and the basic information is listed in the Supporting information Table S1. Guangdong, Shanghai, and Jiangsu are the most economically developed provinces, while Guizhou is the poorest province in inland China. These 7 provinces cover 29.2% of population (388 million) and 46.4% of total rice production (90.4 million tons) in China. Except Shanghai City, the rice supply in other 6 provinces can be self-suf /uniFB01 cient. The arsenic concentration and speciation in these rice samples have been reported (Zhu et al., 2008). The /uniFB01 sh MeHg data in these 7 provinces were adopted from literatures.

## 2.2. Analytical method

In the laboratory, the rice samples were air dried, crushed, and sieved to 150 meshes. For total mercury (THg) analysis, rice samples were digested in a water bath (95 °C) with a fresh mixed acid of HNO3:H2SO4 (4:1, v/v) (Horvat et al., 1991) and determined by SnCl2 reduction, purge, gold trap, and cold vapor atomic /uniFB02 uorescence spectrometry (CVAFS) detection according to USEPA Method 1631 (USEPA, 1999).

For MeHg measurement, rice samples were digested using the KOH-methanol/solvent extraction technique (Liang et al., 1994, 1996) and measured by aqueous ethylation, purge, trap, and gas chromatography (GC) coupled with CVAFS detection according to USEPA Method 1630 (USEPA, 2001). Detail information of quality control is available in the Supporting information.

## 2.3. Calculation of PDI and relative contribution

To estimate MeHg intake from rice and /uniFB01 sh consumption, we calculated PDI values for the general adult in these 7 provinces according to the following formula (1):

<!-- formula-not-decoded -->

where PDI is given in micrograms per kilogram of body weight per day ( μ g·kg -1 ·d -1 ); bw (body weight)=60 kg; C is MeHg concentration in rice or /uniFB01 sh (ng·g -1 ); IR is daily intake rate (g·d -1 ).

Fig.

1. The spatial location of different provinces for rice sampling in southern China.

<!-- image -->

The speci /uniFB01 c PDIs for each province were calculated using the mean of MeHg concentrations in the rice or /uniFB01 sh collected in this speci /uniFB01 c area. The rice MeHg concentrations in these 7 provinces were obtained through this investigation, while the /uniFB01 sh MeHg concentrations in these 7provinces were based on the data from literature (Fu et al., 2010; He et al., 2010; Shang et al., 2010; Shao et al., 2011). The /uniFB01 sh MeHg data of Guangdong province was based on Shang et al. (2010), which include 122 /uniFB01 sh samples collected from 18 /uniFB01 sh ponds from six cities in this province. The /uniFB01 sh MeHg concentrations of Shanghai, Guangxi, Jiangxi and Jiangsu province were adopted from the fourth Chinese Total Dietary Study (TDS) carried out in 2007. The /uniFB01 sh MeHg concentrations of Hunan province were based on 73 /uniFB01 sh Hg data from Fu et al., 2010, which was on the assumption that 70% of Hg in /uniFB01 sh is in the form of MeHg. The /uniFB01 sh MeHg concentrations of Guizhou province were adopted from He et al. (2010), which consisted of 70 /uniFB01 sh MeHg data from Hongfeng Reservoir. The /uniFB01 sh MeHg data in these 7 provinces are representative to perform risk assessment.

The daily intake rates of rice and /uniFB01 sh for urban and rural population were adopted from of /uniFB01 cial data in the section of ' People's Living Conditions ' in China Statistical Yearbook (NBS, 2010). The urban and rural population is ",Introduction,1,3,13,2
